StructuredConcurrencyDataLoad,CodeHeap 'non-nmethods',1719552,2555904,Metaspace,74124280,75038720,CodeHeap 'profiled nmethods',11106176,11141120,Compressed Class Space,9868104,10289152,G1 Eden Space,218103808,419430400,G1 Old Gen,1016784,7935623168,G1 Survivor Space,23325184,33554432,CodeHeap 'non-profiled nmethods',3099648,3145728,2024-05-12T23:19:58.407715750,242445776,8388608000,99906096,102170624,2.1533203125,2,Linux,amd64,6.5.0-1014-aws,1,1
StructuredConcurrencyDataLoad,CodeHeap 'non-nmethods',1739264,2555904,Metaspace,81769408,82706432,CodeHeap 'profiled nmethods',14808960,14811136,Compressed Class Space,10810080,11206656,G1 Eden Space,285212672,419430400,G1 Old Gen,1016784,7935623168,G1 Survivor Space,23325184,33554432,CodeHeap 'non-profiled nmethods',4027264,4063232,2024-05-12T23:19:59.998448657,309554640,8388608000,113153824,115343360,2.30126953125,2,Linux,amd64,6.5.0-1014-aws,255,256
StructuredConcurrencyDataLoad,CodeHeap 'non-nmethods',1739264,2555904,Metaspace,82123632,82968576,CodeHeap 'profiled nmethods',17244288,17301504,Compressed Class Space,10811368,11206656,G1 Eden Space,301989888,419430400,G1 Old Gen,1016784,7935623168,G1 Survivor Space,23325184,33554432,CodeHeap 'non-profiled nmethods',4347392,4390912,2024-05-12T23:20:01.007147554,326331856,8388608000,116265944,118423552,2.30126953125,2,Linux,amd64,6.5.0-1014-aws,678,679
StructuredConcurrencyDataLoad,CodeHeap 'non-nmethods',1739264,2555904,Metaspace,82207632,83099648,CodeHeap 'profiled nmethods',18564736,18612224,Compressed Class Space,10811872,11206656,G1 Eden Space,335544320,419430400,G1 Old Gen,1016784,7935623168,G1 Survivor Space,23325184,33554432,CodeHeap 'non-profiled nmethods',4577280,4587520,2024-05-12T23:20:02.014749028,359886288,8388608000,117899888,120061952,2.30126953125,2,Linux,amd64,6.5.0-1014-aws,1367,1367
StructuredConcurrencyDataLoad,CodeHeap 'non-nmethods',1739264,2555904,Metaspace,82377408,83361792,CodeHeap 'profiled nmethods',18890368,18939904,Compressed Class Space,10834832,11272192,G1 Eden Space,16777216,570425344,G1 Old Gen,1016784,11123294208,G1 Survivor Space,35566552,50331648,CodeHeap 'non-profiled nmethods',4862976,4915200,2024-05-12T23:20:03.019992363,53360552,11744051200,118704080,121044992,2.30126953125,2,Linux,amd64,6.5.0-1014-aws,2158,2159
StructuredConcurrencyDataLoad,CodeHeap 'non-nmethods',1739264,2555904,Metaspace,82402920,83361792,CodeHeap 'profiled nmethods',19046144,19070976,Compressed Class Space,10836416,11272192,G1 Eden Space,67108864,570425344,G1 Old Gen,1016784,11123294208,G1 Survivor Space,35566552,50331648,CodeHeap 'non-profiled nmethods',5210496,5242880,2024-05-12T23:20:04.024741945,103692200,11744051200,119231856,121503744,2.30126953125,2,Linux,amd64,6.5.0-1014-aws,3117,3117
StructuredConcurrencyDataLoad,CodeHeap 'non-nmethods',1739264,2555904,Metaspace,82438376,83361792,CodeHeap 'profiled nmethods',19114624,19136512,Compressed Class Space,10836416,11272192,G1 Eden Space,134217728,570425344,G1 Old Gen,1016784,11123294208,G1 Survivor Space,35566552,50331648,CodeHeap 'non-profiled nmethods',5539584,5570560,2024-05-12T23:20:05.029350705,170801064,11744051200,119668264,121896960,2.357421875,2,Linux,amd64,6.5.0-1014-aws,4183,4183
StructuredConcurrencyDataLoad,CodeHeap 'non-nmethods',1739264,2555904,Metaspace,82460400,83361792,CodeHeap 'profiled nmethods',19182208,19202048,Compressed Class Space,10836416,11272192,G1 Eden Space,184549376,570425344,G1 Old Gen,1016784,11123294208,G1 Survivor Space,35566552,50331648,CodeHeap 'non-profiled nmethods',5855104,5898240,2024-05-12T23:20:06.033972008,221132712,11744051200,120073392,122290176,2.357421875,2,Linux,amd64,6.5.0-1014-aws,5437,5439
StructuredConcurrencyDataLoad,CodeHeap 'non-nmethods',1739264,2555904,Metaspace,82469568,83361792,CodeHeap 'profiled nmethods',19217152,19267584,Compressed Class Space,10836416,11272192,G1 Eden Space,268435456,570425344,G1 Old Gen,1016784,11123294208,G1 Survivor Space,35566552,50331648,CodeHeap 'non-profiled nmethods',6239232,6291456,2024-05-12T23:20:07.043052389,305018792,11744051200,120501632,122748928,2.357421875,2,Linux,amd64,6.5.0-1014-aws,6866,6865
StructuredConcurrencyDataLoad,CodeHeap 'non-nmethods',1757568,2555904,Metaspace,82473848,83361792,CodeHeap 'profiled nmethods',19244160,19267584,Compressed Class Space,10837416,11272192,G1 Eden Space,352321536,570425344,G1 Old Gen,1016784,11123294208,G1 Survivor Space,35566552,50331648,CodeHeap 'non-profiled nmethods',6576768,6619136,2024-05-12T23:20:08.047120813,388904872,11744051200,120889760,123076608,2.357421875,2,Linux,amd64,6.5.0-1014-aws,8519,8518
StructuredConcurrencyDataLoad,CodeHeap 'non-nmethods',1739264,2555904,Metaspace,82475280,83361792,CodeHeap 'profiled nmethods',19248512,19267584,Compressed Class Space,10837416,11272192,G1 Eden Space,436207616,570425344,G1 Old Gen,1016784,11123294208,G1 Survivor Space,35566552,50331648,CodeHeap 'non-profiled nmethods',6912640,6946816,2024-05-12T23:20:09.050891418,472790952,11744051200,121213112,123404288,2.357421875,2,Linux,amd64,6.5.0-1014-aws,10363,10363
StructuredConcurrencyDataLoad,CodeHeap 'non-nmethods',1739264,2555904,Metaspace,82480392,83361792,CodeHeap 'profiled nmethods',19255680,19267584,Compressed Class Space,10837920,11272192,G1 Eden Space,16777216,570425344,G1 Old Gen,1016784,11123294208,G1 Survivor Space,36337400,50331648,CodeHeap 'non-profiled nmethods',7176192,7208960,2024-05-12T23:20:10.055105598,54131400,11744051200,121489448,123666432,2.4091796875,2,Linux,amd64,6.5.0-1014-aws,12213,12213
StructuredConcurrencyDataLoad,CodeHeap 'non-nmethods',1739264,2555904,Metaspace,82481328,83361792,CodeHeap 'profiled nmethods',19275904,19333120,Compressed Class Space,10838416,11272192,G1 Eden Space,134217728,570425344,G1 Old Gen,1016784,11123294208,G1 Survivor Space,36337400,50331648,CodeHeap 'non-profiled nmethods',7364864,7405568,2024-05-12T23:20:11.058518380,171571912,11744051200,121699776,123928576,2.4091796875,2,Linux,amd64,6.5.0-1014-aws,14541,14540
StructuredConcurrencyDataLoad,CodeHeap 'non-nmethods',1739264,2555904,Metaspace,82484920,83361792,CodeHeap 'profiled nmethods',19292928,19333120,Compressed Class Space,10838936,11272192,G1 Eden Space,268435456,570425344,G1 Old Gen,1016784,11123294208,G1 Survivor Space,36337400,50331648,CodeHeap 'non-profiled nmethods',7672064,7733248,2024-05-12T23:20:12.061925919,305789640,11744051200,122028112,124256256,2.4091796875,2,Linux,amd64,6.5.0-1014-aws,17243,17242
StructuredConcurrencyDataLoad,CodeHeap 'non-nmethods',1739264,2555904,Metaspace,82489520,83427328,CodeHeap 'profiled nmethods',19308672,19333120,Compressed Class Space,10838936,11272192,G1 Eden Space,402653184,570425344,G1 Old Gen,1016784,11123294208,G1 Survivor Space,36337400,50331648,CodeHeap 'non-profiled nmethods',7995136,7995392,2024-05-12T23:20:13.064994493,440007368,11744051200,122371528,124583936,2.4091796875,2,Linux,amd64,6.5.0-1014-aws,20141,20140
StructuredConcurrencyDataLoad,CodeHeap 'non-nmethods',1739264,2555904,Metaspace,82499328,83427328,CodeHeap 'profiled nmethods',19317248,19333120,Compressed Class Space,10839456,11272192,G1 Eden Space,16777216,570425344,G1 Old Gen,1016784,11123294208,G1 Survivor Space,36689144,50331648,CodeHeap 'non-profiled nmethods',8351744,8388608,2024-05-12T23:20:14.068541768,54483144,11744051200,122744544,124977152,2.4091796875,2,Linux,amd64,6.5.0-1014-aws,22797,22797
StructuredConcurrencyDataLoad,CodeHeap 'non-nmethods',1739264,2555904,Metaspace,82500896,83427328,CodeHeap 'profiled nmethods',19335296,19398656,Compressed Class Space,10839456,11272192,G1 Eden Space,201326592,570425344,G1 Old Gen,1016784,11123294208,G1 Survivor Space,36689144,50331648,CodeHeap 'non-profiled nmethods',8544512,8585216,2024-05-12T23:20:15.071954357,239032520,11744051200,122959424,125239296,2.3759765625,2,Linux,amd64,6.5.0-1014-aws,26688,26688
StructuredConcurrencyDataLoad,CodeHeap 'non-nmethods',1739264,2555904,Metaspace,82515232,83427328,CodeHeap 'profiled nmethods',19356288,19398656,Compressed Class Space,10839456,11272192,G1 Eden Space,385875968,570425344,G1 Old Gen,1016784,11123294208,G1 Survivor Space,36689144,50331648,CodeHeap 'non-profiled nmethods',8562176,8585216,2024-05-12T23:20:16.075403812,423581896,11744051200,123012416,125239296,2.3759765625,2,Linux,amd64,6.5.0-1014-aws,30496,30495
StructuredConcurrencyDataLoad,CodeHeap 'non-nmethods',1739264,2555904,Metaspace,82523296,83427328,CodeHeap 'profiled nmethods',19449600,19464192,Compressed Class Space,10840464,11272192,G1 Eden Space,33554432,570425344,G1 Old Gen,1016784,11123294208,G1 Survivor Space,40378976,50331648,CodeHeap 'non-profiled nmethods',8612992,8650752,2024-05-12T23:20:17.079038219,74950192,11744051200,123165616,125370368,2.3759765625,2,Linux,amd64,6.5.0-1014-aws,33981,33981
StructuredConcurrencyDataLoad,CodeHeap 'non-nmethods',1739264,2555904,Metaspace,82526408,83427328,CodeHeap 'profiled nmethods',19493888,19529728,Compressed Class Space,10840464,11272192,G1 Eden Space,251658240,570425344,G1 Old Gen,1016784,11123294208,G1 Survivor Space,40378976,50331648,CodeHeap 'non-profiled nmethods',8624512,8650752,2024-05-12T23:20:18.082318569,293054000,11744051200,123224536,125435904,2.3759765625,2,Linux,amd64,6.5.0-1014-aws,38346,38346
StructuredConcurrencyDataLoad,CodeHeap 'non-nmethods',1739264,2555904,Metaspace,82528360,83427328,CodeHeap 'profiled nmethods',19497472,19529728,Compressed Class Space,10840464,11272192,G1 Eden Space,452984832,570425344,G1 Old Gen,1016784,11123294208,G1 Survivor Space,40378976,50331648,CodeHeap 'non-profiled nmethods',8628096,8650752,2024-05-12T23:20:19.085591280,494380592,11744051200,123233264,125435904,2.3759765625,2,Linux,amd64,6.5.0-1014-aws,42701,42701
StructuredConcurrencyDataLoad,CodeHeap 'non-nmethods',1739264,2555904,Metaspace,82534080,83427328,CodeHeap 'profiled nmethods',19514624,19529728,Compressed Class Space,10840464,11272192,G1 Eden Space,134217728,570425344,G1 Old Gen,1016784,11123294208,G1 Survivor Space,44583056,50331648,CodeHeap 'non-profiled nmethods',8628864,8650752,2024-05-12T23:20:20.089026021,179817568,11744051200,123257296,125435904,2.345703125,2,Linux,amd64,6.5.0-1014-aws,46665,46665
StructuredConcurrencyDataLoad,CodeHeap 'non-nmethods',1739264,2555904,Metaspace,82534872,83427328,CodeHeap 'profiled nmethods',19541120,19595264,Compressed Class Space,10840464,11272192,G1 Eden Space,318767104,570425344,G1 Old Gen,1016784,11123294208,G1 Survivor Space,44583056,50331648,CodeHeap 'non-profiled nmethods',8635520,8650752,2024-05-12T23:20:21.092336209,364366944,11744051200,123291240,125501440,2.345703125,2,Linux,amd64,6.5.0-1014-aws,50656,50656
StructuredConcurrencyDataLoad,CodeHeap 'non-nmethods',1739264,2555904,Metaspace,82535336,83427328,CodeHeap 'profiled nmethods',19567616,19595264,Compressed Class Space,10840464,11272192,G1 Eden Space,520093696,570425344,G1 Old Gen,1016784,11123294208,G1 Survivor Space,44583056,50331648,CodeHeap 'non-profiled nmethods',8658432,8716288,2024-05-12T23:20:22.095683793,565693536,11744051200,123341112,125566976,2.345703125,2,Linux,amd64,6.5.0-1014-aws,54743,54743
StructuredConcurrencyDataLoad,CodeHeap 'non-nmethods',1739264,2555904,Metaspace,82537448,83427328,CodeHeap 'profiled nmethods',19584512,19595264,Compressed Class Space,10840464,11272192,G1 Eden Space,100663296,570425344,G1 Old Gen,1016784,11123294208,G1 Survivor Space,49284960,50331648,CodeHeap 'non-profiled nmethods',8681856,8716288,2024-05-12T23:20:23.099143267,150965040,11744051200,123383544,125566976,2.345703125,2,Linux,amd64,6.5.0-1014-aws,56912,56912
StructuredConcurrencyDataLoad,CodeHeap 'non-nmethods',1739264,2555904,Metaspace,82539352,83427328,CodeHeap 'profiled nmethods',19605376,19660800,Compressed Class Space,10840464,11272192,G1 Eden Space,251658240,570425344,G1 Old Gen,1016784,11123294208,G1 Survivor Space,49284960,50331648,CodeHeap 'non-profiled nmethods',8694912,8716288,2024-05-12T23:20:24.102629382,301959984,11744051200,123419368,125632512,2.345703125,2,Linux,amd64,6.5.0-1014-aws,59887,59887
StructuredConcurrencyDataLoad,CodeHeap 'non-nmethods',1739264,2555904,Metaspace,82547808,83427328,CodeHeap 'profiled nmethods',19643136,19660800,Compressed Class Space,10840464,11272192,G1 Eden Space,452984832,570425344,G1 Old Gen,1016784,11123294208,G1 Survivor Space,49284960,50331648,CodeHeap 'non-profiled nmethods',8702592,8716288,2024-05-12T23:20:25.105896365,503286576,11744051200,123473264,125632512,2.23779296875,2,Linux,amd64,6.5.0-1014-aws,63896,63899
StructuredConcurrencyDataLoad,CodeHeap 'non-nmethods',1739264,2555904,Metaspace,82561376,83427328,CodeHeap 'profiled nmethods',19667968,19726336,Compressed Class Space,10840464,11272192,G1 Eden Space,83886080,570425344,G1 Old Gen,9453512,11123294208,G1 Survivor Space,41927552,50331648,CodeHeap 'non-profiled nmethods',8716928,8781824,2024-05-12T23:20:26.117515706,135267144,11744051200,123526000,125763584,2.23779296875,2,Linux,amd64,6.5.0-1014-aws,67393,67393
StructuredConcurrencyDataLoad,CodeHeap 'non-nmethods',1739264,2555904,Metaspace,82561824,83427328,CodeHeap 'profiled nmethods',19671936,19726336,Compressed Class Space,10840464,11272192,G1 Eden Space,251658240,570425344,G1 Old Gen,9453512,11123294208,G1 Survivor Space,41927552,50331648,CodeHeap 'non-profiled nmethods',8716928,8781824,2024-05-12T23:20:27.120920456,303039304,11744051200,123530416,125763584,2.23779296875,2,Linux,amd64,6.5.0-1014-aws,70716,70716
StructuredConcurrencyDataLoad,CodeHeap 'non-nmethods',1739264,2555904,Metaspace,82565912,83492864,CodeHeap 'profiled nmethods',19688448,19726336,Compressed Class Space,10840464,11272192,G1 Eden Space,402653184,570425344,G1 Old Gen,9453512,11123294208,G1 Survivor Space,41927552,50331648,CodeHeap 'non-profiled nmethods',8716928,8781824,2024-05-12T23:20:28.126245617,454034248,11744051200,123551016,125829120,2.23779296875,2,Linux,amd64,6.5.0-1014-aws,73852,73852
StructuredConcurrencyDataLoad,CodeHeap 'non-nmethods',1739264,2555904,Metaspace,82570040,83492864,CodeHeap 'profiled nmethods',19695872,19726336,Compressed Class Space,10840464,11272192,G1 Eden Space,16777216,3288334336,G1 Old Gen,9453512,8405385216,G1 Survivor Space,41244000,50331648,CodeHeap 'non-profiled nmethods',8722688,8781824,2024-05-12T23:20:29.129418221,67474728,11744051200,123568328,125829120,2.23779296875,2,Linux,amd64,6.5.0-1014-aws,76667,76667
StructuredConcurrencyDataLoad,CodeHeap 'non-nmethods',1739264,2555904,Metaspace,82572096,83492864,CodeHeap 'profiled nmethods',19704704,19726336,Compressed Class Space,10840464,11272192,G1 Eden Space,167772160,3271557120,G1 Old Gen,9453512,8422162432,G1 Survivor Space,41244000,50331648,CodeHeap 'non-profiled nmethods',8725248,8781824,2024-05-12T23:20:30.132798786,218469672,11744051200,123581776,125829120,2.21875,2,Linux,amd64,6.5.0-1014-aws,79716,79716
StructuredConcurrencyDataLoad,CodeHeap 'non-nmethods',1739264,2555904,Metaspace,82575960,83492864,CodeHeap 'profiled nmethods',19718656,19726336,Compressed Class Space,10840464,11272192,G1 Eden Space,318767104,3271557120,G1 Old Gen,9453512,8422162432,G1 Survivor Space,41244000,50331648,CodeHeap 'non-profiled nmethods',8725248,8781824,2024-05-12T23:20:31.136113570,369464616,11744051200,123599592,125829120,2.21875,2,Linux,amd64,6.5.0-1014-aws,82796,82796
StructuredConcurrencyDataLoad,CodeHeap 'non-nmethods',1739264,2555904,Metaspace,82579272,83492864,CodeHeap 'profiled nmethods',19727232,19791872,Compressed Class Space,10840464,11272192,G1 Eden Space,503316480,3271557120,G1 Old Gen,9453512,8422162432,G1 Survivor Space,41244000,50331648,CodeHeap 'non-profiled nmethods',8773376,8781824,2024-05-12T23:20:32.139966871,554013992,11744051200,123659608,125894656,2.21875,2,Linux,amd64,6.5.0-1014-aws,86459,86459
StructuredConcurrencyDataLoad,CodeHeap 'non-nmethods',1739264,2555904,Metaspace,82579824,83492864,CodeHeap 'profiled nmethods',19729536,19791872,Compressed Class Space,10840464,11272192,G1 Eden Space,654311424,3271557120,G1 Old Gen,9453512,8422162432,G1 Survivor Space,41244000,50331648,CodeHeap 'non-profiled nmethods',8773376,8781824,2024-05-12T23:20:33.143393582,705008936,11744051200,123662464,125894656,2.21875,2,Linux,amd64,6.5.0-1014-aws,89690,89690
StructuredConcurrencyDataLoad,CodeHeap 'non-nmethods',1739264,2555904,Metaspace,82585440,83492864,CodeHeap 'profiled nmethods',19747200,19791872,Compressed Class Space,10840464,11272192,G1 Eden Space,838860800,3271557120,G1 Old Gen,9453512,8422162432,G1 Survivor Space,41244000,50331648,CodeHeap 'non-profiled nmethods',8773376,8781824,2024-05-12T23:20:34.146969169,889558312,11744051200,123685744,125894656,2.21875,2,Linux,amd64,6.5.0-1014-aws,93264,93264
StructuredConcurrencyDataLoad,CodeHeap 'non-nmethods',1739264,2555904,Metaspace,82586440,83492864,CodeHeap 'profiled nmethods',19754880,19791872,Compressed Class Space,10840464,11272192,G1 Eden Space,1023410176,3271557120,G1 Old Gen,9453512,8422162432,G1 Survivor Space,41244000,50331648,CodeHeap 'non-profiled nmethods',8780160,8781824,2024-05-12T23:20:35.152201535,1074107688,11744051200,123699416,125894656,2.201171875,2,Linux,amd64,6.5.0-1014-aws,97073,97073
StructuredConcurrencyDataLoad,CodeHeap 'non-nmethods',1739264,2555904,Metaspace,82591936,83492864,CodeHeap 'profiled nmethods',19757312,19791872,Compressed Class Space,10840464,11272192,G1 Eden Space,1191182336,3271557120,G1 Old Gen,9453512,8422162432,G1 Survivor Space,41244000,50331648,CodeHeap 'non-profiled nmethods',8780160,8781824,2024-05-12T23:20:36.155632026,1241879848,11744051200,123704608,125894656,2.201171875,2,Linux,amd64,6.5.0-1014-aws,100342,100342
StructuredConcurrencyDataLoad,CodeHeap 'non-nmethods',1739264,2555904,Metaspace,82593504,83492864,CodeHeap 'profiled nmethods',19770112,19791872,Compressed Class Space,10840464,11272192,G1 Eden Space,1325400064,3271557120,G1 Old Gen,9453512,8422162432,G1 Survivor Space,41244000,50331648,CodeHeap 'non-profiled nmethods',8785280,8847360,2024-05-12T23:20:37.159201980,1376097576,11744051200,123728624,125960192,2.201171875,2,Linux,amd64,6.5.0-1014-aws,103089,103089
StructuredConcurrencyDataLoad,CodeHeap 'non-nmethods',1739264,2555904,Metaspace,82595744,83492864,CodeHeap 'profiled nmethods',19776384,19791872,Compressed Class Space,10840464,11272192,G1 Eden Space,1442840576,3271557120,G1 Old Gen,9453512,8422162432,G1 Survivor Space,41244000,50331648,CodeHeap 'non-profiled nmethods',8785280,8847360,2024-05-12T23:20:38.163747265,1493538088,11744051200,123737136,125960192,2.201171875,2,Linux,amd64,6.5.0-1014-aws,105509,105509
StructuredConcurrencyDataLoad,CodeHeap 'non-nmethods',1739264,2555904,Metaspace,82595744,83492864,CodeHeap 'profiled nmethods',19778432,19791872,Compressed Class Space,10840464,11272192,G1 Eden Space,1610612736,3271557120,G1 Old Gen,9453512,8422162432,G1 Survivor Space,41244000,50331648,CodeHeap 'non-profiled nmethods',8785280,8847360,2024-05-12T23:20:39.167104579,1661310248,11744051200,123739184,125960192,2.201171875,2,Linux,amd64,6.5.0-1014-aws,108701,108701
StructuredConcurrencyDataLoad,CodeHeap 'non-nmethods',1739264,2555904,Metaspace,82595744,83492864,CodeHeap 'profiled nmethods',19778432,19791872,Compressed Class Space,10840464,11272192,G1 Eden Space,1728053248,3271557120,G1 Old Gen,9453512,8422162432,G1 Survivor Space,41244000,50331648,CodeHeap 'non-profiled nmethods',8785280,8847360,2024-05-12T23:20:40.170456089,1778750760,11744051200,123739184,125960192,2.10498046875,2,Linux,amd64,6.5.0-1014-aws,111212,111222
StructuredConcurrencyDataLoad,CodeHeap 'non-nmethods',1739264,2555904,Metaspace,82616776,83492864,CodeHeap 'profiled nmethods',19805952,19857408,Compressed Class Space,10840464,11272192,G1 Eden Space,1879048192,3271557120,G1 Old Gen,9453512,8422162432,G1 Survivor Space,41244000,50331648,CodeHeap 'non-profiled nmethods',8786944,8847360,2024-05-12T23:20:41.184732706,1929745704,11744051200,123789400,126025728,2.10498046875,2,Linux,amd64,6.5.0-1014-aws,114351,114350
StructuredConcurrencyDataLoad,CodeHeap 'non-nmethods',1739264,2555904,Metaspace,82616776,83492864,CodeHeap 'profiled nmethods',19807104,19857408,Compressed Class Space,10840464,11272192,G1 Eden Space,1979711488,3271557120,G1 Old Gen,9453512,8422162432,G1 Survivor Space,41244000,50331648,CodeHeap 'non-profiled nmethods',8816256,8847360,2024-05-12T23:20:42.188190396,2030409000,11744051200,123818712,126025728,2.10498046875,2,Linux,amd64,6.5.0-1014-aws,116309,116309
StructuredConcurrencyDataLoad,CodeHeap 'non-nmethods',1739264,2555904,Metaspace,82620592,83492864,CodeHeap 'profiled nmethods',19814400,19857408,Compressed Class Space,10840464,11272192,G1 Eden Space,2130706432,3271557120,G1 Old Gen,9453512,8422162432,G1 Survivor Space,41244000,50331648,CodeHeap 'non-profiled nmethods',8816256,8847360,2024-05-12T23:20:43.191711116,2181403944,11744051200,123829056,126025728,2.10498046875,2,Linux,amd64,6.5.0-1014-aws,119503,119503
StructuredConcurrencyDataLoad,CodeHeap 'non-nmethods',1739264,2555904,Metaspace,82620592,83492864,CodeHeap 'profiled nmethods',19814400,19857408,Compressed Class Space,10840464,11272192,G1 Eden Space,2231369728,3271557120,G1 Old Gen,9453512,8422162432,G1 Survivor Space,41244000,50331648,CodeHeap 'non-profiled nmethods',8816256,8847360,2024-05-12T23:20:44.195023487,2282067240,11744051200,123830976,126025728,2.10498046875,2,Linux,amd64,6.5.0-1014-aws,121322,121322
StructuredConcurrencyDataLoad,CodeHeap 'non-nmethods',1739264,2555904,Metaspace,82620592,83492864,CodeHeap 'profiled nmethods',19816832,19857408,Compressed Class Space,10840464,11272192,G1 Eden Space,2332033024,3271557120,G1 Old Gen,9453512,8422162432,G1 Survivor Space,41244000,50331648,CodeHeap 'non-profiled nmethods',8817024,8847360,2024-05-12T23:20:45.204245738,2382730536,11744051200,123834176,126025728,2.01611328125,2,Linux,amd64,6.5.0-1014-aws,123574,123595
StructuredConcurrencyDataLoad,CodeHeap 'non-nmethods',1739264,2555904,Metaspace,82621168,83492864,CodeHeap 'profiled nmethods',19820800,19857408,Compressed Class Space,10840464,11272192,G1 Eden Space,2483027968,3271557120,G1 Old Gen,9453512,8422162432,G1 Survivor Space,41244000,50331648,CodeHeap 'non-profiled nmethods',8817024,8847360,2024-05-12T23:20:46.222161207,2533725480,11744051200,123838720,126025728,2.01611328125,2,Linux,amd64,6.5.0-1014-aws,126258,126258
StructuredConcurrencyDataLoad,CodeHeap 'non-nmethods',1739264,2555904,Metaspace,82623096,83492864,CodeHeap 'profiled nmethods',19825792,19857408,Compressed Class Space,10840464,11272192,G1 Eden Space,2583691264,3271557120,G1 Old Gen,9453512,8422162432,G1 Survivor Space,41244000,50331648,CodeHeap 'non-profiled nmethods',8817024,8847360,2024-05-12T23:20:47.225850160,2634388776,11744051200,123845640,126025728,2.01611328125,2,Linux,amd64,6.5.0-1014-aws,128555,128555
StructuredConcurrencyDataLoad,CodeHeap 'non-nmethods',1739264,2555904,Metaspace,82624808,83492864,CodeHeap 'profiled nmethods',19836416,19857408,Compressed Class Space,10840464,11272192,G1 Eden Space,2701131776,3271557120,G1 Old Gen,9453512,8422162432,G1 Survivor Space,41244000,50331648,CodeHeap 'non-profiled nmethods',8834304,8847360,2024-05-12T23:20:48.229157884,2751829288,11744051200,123875256,126025728,2.01611328125,2,Linux,amd64,6.5.0-1014-aws,130881,130881
StructuredConcurrencyDataLoad,CodeHeap 'non-nmethods',1739264,2555904,Metaspace,82626240,83492864,CodeHeap 'profiled nmethods',19840512,19857408,Compressed Class Space,10840464,11272192,G1 Eden Space,2801795072,3271557120,G1 Old Gen,9453512,8422162432,G1 Survivor Space,41244000,50331648,CodeHeap 'non-profiled nmethods',8834304,8847360,2024-05-12T23:20:49.233115875,2852492584,11744051200,123880784,126025728,2.01611328125,2,Linux,amd64,6.5.0-1014-aws,132941,132941
StructuredConcurrencyDataLoad,CodeHeap 'non-nmethods',1739264,2555904,Metaspace,82627264,83492864,CodeHeap 'profiled nmethods',19846400,19857408,Compressed Class Space,10840464,11272192,G1 Eden Space,2969567232,3271557120,G1 Old Gen,9453512,8422162432,G1 Survivor Space,41244000,50331648,CodeHeap 'non-profiled nmethods',8834304,8847360,2024-05-12T23:20:50.236717457,3020264744,11744051200,123887696,126025728,1.9345703125,2,Linux,amd64,6.5.0-1014-aws,136005,136005
StructuredConcurrencyDataLoad,CodeHeap 'non-nmethods',1739264,2555904,Metaspace,82629256,83492864,CodeHeap 'profiled nmethods',19864192,19922944,Compressed Class Space,10840464,11272192,G1 Eden Space,3087007744,3271557120,G1 Old Gen,9453512,8422162432,G1 Survivor Space,41244000,50331648,CodeHeap 'non-profiled nmethods',8834304,8847360,2024-05-12T23:20:51.242389390,3137705256,11744051200,123907480,126091264,1.9345703125,2,Linux,amd64,6.5.0-1014-aws,138446,138446
StructuredConcurrencyDataLoad,CodeHeap 'non-nmethods',1739264,2555904,Metaspace,82639520,83558400,CodeHeap 'profiled nmethods',19897088,19922944,Compressed Class Space,10840464,11272192,G1 Eden Space,134217728,2600468480,G1 Old Gen,9453512,9076473856,G1 Survivor Space,62173992,67108864,CodeHeap 'non-profiled nmethods',8835328,8847360,2024-05-12T23:20:52.248939467,205845232,11744051200,123951664,126156800,1.9345703125,2,Linux,amd64,6.5.0-1014-aws,141156,141155
StructuredConcurrencyDataLoad,CodeHeap 'non-nmethods',1739264,2555904,Metaspace,82640376,83558400,CodeHeap 'profiled nmethods',19898880,19922944,Compressed Class Space,10840464,11272192,G1 Eden Space,234881024,2600468480,G1 Old Gen,9453512,9076473856,G1 Survivor Space,62173992,67108864,CodeHeap 'non-profiled nmethods',8840064,8847360,2024-05-12T23:20:53.252031778,306508528,11744051200,123959048,126156800,1.9345703125,2,Linux,amd64,6.5.0-1014-aws,143714,143714
StructuredConcurrencyDataLoad,CodeHeap 'non-nmethods',1739264,2555904,Metaspace,82642712,83558400,CodeHeap 'profiled nmethods',19904256,19922944,Compressed Class Space,10840960,11272192,G1 Eden Space,385875968,2600468480,G1 Old Gen,9453512,9076473856,G1 Survivor Space,62173992,67108864,CodeHeap 'non-profiled nmethods',8840064,8847360,2024-05-12T23:20:54.254900250,457503472,11744051200,123967256,126156800,1.9345703125,2,Linux,amd64,6.5.0-1014-aws,146461,146461
StructuredConcurrencyDataLoad,CodeHeap 'non-nmethods',1739264,2555904,Metaspace,82642712,83558400,CodeHeap 'profiled nmethods',19913216,19922944,Compressed Class Space,10840960,11272192,G1 Eden Space,486539264,2600468480,G1 Old Gen,9453512,9076473856,G1 Survivor Space,62173992,67108864,CodeHeap 'non-profiled nmethods',8841472,8847360,2024-05-12T23:20:55.266443442,558166768,11744051200,123977624,126156800,1.93994140625,2,Linux,amd64,6.5.0-1014-aws,148660,148660
StructuredConcurrencyDataLoad,CodeHeap 'non-nmethods',1739264,2555904,Metaspace,82644384,83558400,CodeHeap 'profiled nmethods',19916288,19922944,Compressed Class Space,10840960,11272192,G1 Eden Space,570425344,2600468480,G1 Old Gen,9453512,9076473856,G1 Survivor Space,62173992,67108864,CodeHeap 'non-profiled nmethods',8843008,8847360,2024-05-12T23:20:56.269436238,642052848,11744051200,123983904,126156800,1.93994140625,2,Linux,amd64,6.5.0-1014-aws,150358,150358
StructuredConcurrencyDataLoad,CodeHeap 'non-nmethods',1739264,2555904,Metaspace,82647472,83558400,CodeHeap 'profiled nmethods',19918976,19922944,Compressed Class Space,10840960,11272192,G1 Eden Space,654311424,2600468480,G1 Old Gen,9453512,9076473856,G1 Survivor Space,62173992,67108864,CodeHeap 'non-profiled nmethods',8843008,8847360,2024-05-12T23:20:57.272937252,725938928,11744051200,123989680,126156800,1.93994140625,2,Linux,amd64,6.5.0-1014-aws,151946,151946
StructuredConcurrencyDataLoad,CodeHeap 'non-nmethods',1739264,2555904,Metaspace,82648720,83558400,CodeHeap 'profiled nmethods',19940864,19988480,Compressed Class Space,10840960,11272192,G1 Eden Space,771751936,2600468480,G1 Old Gen,9453512,9076473856,G1 Survivor Space,62173992,67108864,CodeHeap 'non-profiled nmethods',8843008,8847360,2024-05-12T23:20:58.275883927,843379440,11744051200,124012816,126222336,1.93994140625,2,Linux,amd64,6.5.0-1014-aws,154466,154466
