NoConcurrencyUtilityDataLoad,CodeHeap 'non-nmethods',1716608,2555904,Metaspace,73986576,74907648,CodeHeap 'profiled nmethods',11400448,11403264,Compressed Class Space,9869536,10289152,G1 Eden Space,201326592,419430400,G1 Old Gen,982672,7935623168,G1 Survivor Space,23356544,33554432,CodeHeap 'non-profiled nmethods',4481920,4521984,2024-05-12T14:31:41.524828877,225665808,8388608000,101416136,103612416,3.15185546875,4,Linux,amd64,6.5.0-1014-aws,0,1
NoConcurrencyUtilityDataLoad,CodeHeap 'non-nmethods',1736320,2555904,Metaspace,81737752,82706432,CodeHeap 'profiled nmethods',15383296,15400960,Compressed Class Space,10812848,11272192,G1 Eden Space,268435456,419430400,G1 Old Gen,982672,7935623168,G1 Survivor Space,23356544,33554432,CodeHeap 'non-profiled nmethods',5555712,5570560,2024-05-12T14:31:42.974821565,292774672,8388608000,115225928,117506048,3.15185546875,4,Linux,amd64,6.5.0-1014-aws,334,335
NoConcurrencyUtilityDataLoad,CodeHeap 'non-nmethods',1736320,2555904,Metaspace,81908080,82903040,CodeHeap 'profiled nmethods',17300480,17301504,Compressed Class Space,10813864,11272192,G1 Eden Space,301989888,419430400,G1 Old Gen,982672,7935623168,G1 Survivor Space,23356544,33554432,CodeHeap 'non-profiled nmethods',6106752,6160384,2024-05-12T14:31:43.981780123,326329104,8388608000,117865496,120193024,3.15185546875,4,Linux,amd64,6.5.0-1014-aws,935,935
NoConcurrencyUtilityDataLoad,CodeHeap 'non-nmethods',1743104,2555904,Metaspace,81936048,82903040,CodeHeap 'profiled nmethods',17729792,17760256,Compressed Class Space,10814368,11272192,G1 Eden Space,352321536,419430400,G1 Old Gen,982672,7935623168,G1 Survivor Space,23356544,33554432,CodeHeap 'non-profiled nmethods',6663424,6684672,2024-05-12T14:31:44.988519407,376660752,8388608000,118879952,121176064,3.22021484375,4,Linux,amd64,6.5.0-1014-aws,1986,1989
NoConcurrencyUtilityDataLoad,CodeHeap 'non-nmethods',1736320,2555904,Metaspace,82121392,83099648,CodeHeap 'profiled nmethods',17846528,17891328,Compressed Class Space,10838000,11272192,G1 Eden Space,50331648,587202560,G1 Old Gen,982672,11123294208,G1 Survivor Space,32755584,33554432,CodeHeap 'non-profiled nmethods',7298304,7340032,2024-05-12T14:31:45.994989410,84069904,11744051200,119840544,122159104,3.22021484375,4,Linux,amd64,6.5.0-1014-aws,3146,3146
NoConcurrencyUtilityDataLoad,CodeHeap 'non-nmethods',1736320,2555904,Metaspace,82148792,83099648,CodeHeap 'profiled nmethods',17936384,17956864,Compressed Class Space,10838496,11272192,G1 Eden Space,134217728,587202560,G1 Old Gen,982672,11123294208,G1 Survivor Space,32755584,33554432,CodeHeap 'non-profiled nmethods',7818880,7864320,2024-05-12T14:31:46.999948481,167955984,11744051200,120478872,122748928,3.22021484375,4,Linux,amd64,6.5.0-1014-aws,4699,4700
NoConcurrencyUtilityDataLoad,CodeHeap 'non-nmethods',1736320,2555904,Metaspace,82165688,83099648,CodeHeap 'profiled nmethods',17963904,18022400,Compressed Class Space,10839000,11272192,G1 Eden Space,218103808,587202560,G1 Old Gen,982672,11123294208,G1 Survivor Space,32755584,33554432,CodeHeap 'non-profiled nmethods',8321152,8323072,2024-05-12T14:31:48.005930887,251842064,11744051200,121026064,123273216,3.22021484375,4,Linux,amd64,6.5.0-1014-aws,6514,6515
NoConcurrencyUtilityDataLoad,CodeHeap 'non-nmethods',1736320,2555904,Metaspace,82173448,83099648,CodeHeap 'profiled nmethods',17995392,18022400,Compressed Class Space,10840000,11272192,G1 Eden Space,318767104,587202560,G1 Old Gen,982672,11123294208,G1 Survivor Space,32755584,33554432,CodeHeap 'non-profiled nmethods',8908928,8912896,2024-05-12T14:31:49.010371342,352505360,11744051200,121654088,123863040,3.22021484375,4,Linux,amd64,6.5.0-1014-aws,8553,8554
NoConcurrencyUtilityDataLoad,CodeHeap 'non-nmethods',1736320,2555904,Metaspace,82182312,83099648,CodeHeap 'profiled nmethods',18002816,18022400,Compressed Class Space,10841040,11272192,G1 Eden Space,436207616,587202560,G1 Old Gen,982672,11123294208,G1 Survivor Space,32755584,33554432,CodeHeap 'non-profiled nmethods',9636992,9699328,2024-05-12T14:31:50.015267883,469945872,11744051200,122399480,124649472,3.2021484375,4,Linux,amd64,6.5.0-1014-aws,11132,11132
NoConcurrencyUtilityDataLoad,CodeHeap 'non-nmethods',1736320,2555904,Metaspace,82185360,83099648,CodeHeap 'profiled nmethods',18023808,18087936,Compressed Class Space,10841040,11272192,G1 Eden Space,50331648,905969664,G1 Old Gen,982672,10787749888,G1 Survivor Space,37740824,50331648,CodeHeap 'non-profiled nmethods',10265216,10289152,2024-05-12T14:31:51.019189846,89055144,11744051200,123051744,125304832,3.2021484375,4,Linux,amd64,6.5.0-1014-aws,14395,14395
NoConcurrencyUtilityDataLoad,CodeHeap 'non-nmethods',1736320,2555904,Metaspace,82197504,83099648,CodeHeap 'profiled nmethods',18036864,18087936,Compressed Class Space,10841040,11272192,G1 Eden Space,251658240,905969664,G1 Old Gen,982672,10787749888,G1 Survivor Space,37740824,50331648,CodeHeap 'non-profiled nmethods',10547328,10551296,2024-05-12T14:31:52.023140741,290381736,11744051200,123357752,125566976,3.2021484375,4,Linux,amd64,6.5.0-1014-aws,18738,18738
NoConcurrencyUtilityDataLoad,CodeHeap 'non-nmethods',1736320,2555904,Metaspace,82222464,83165184,CodeHeap 'profiled nmethods',18080000,18087936,Compressed Class Space,10841040,11272192,G1 Eden Space,469762048,905969664,G1 Old Gen,982672,10787749888,G1 Survivor Space,37740824,50331648,CodeHeap 'non-profiled nmethods',10555136,10616832,2024-05-12T14:31:53.026767273,508485544,11744051200,123433552,125698048,3.2021484375,4,Linux,amd64,6.5.0-1014-aws,23192,23193
NoConcurrencyUtilityDataLoad,CodeHeap 'non-nmethods',1736320,2555904,Metaspace,82224432,83165184,CodeHeap 'profiled nmethods',18096768,18153472,Compressed Class Space,10841040,11272192,G1 Eden Space,637534208,905969664,G1 Old Gen,982672,10787749888,G1 Survivor Space,37740824,50331648,CodeHeap 'non-profiled nmethods',10578432,10616832,2024-05-12T14:31:54.030511670,676257704,11744051200,123476992,125763584,3.2021484375,4,Linux,amd64,6.5.0-1014-aws,27079,27080
NoConcurrencyUtilityDataLoad,CodeHeap 'non-nmethods',1736320,2555904,Metaspace,82226424,83165184,CodeHeap 'profiled nmethods',18101504,18153472,Compressed Class Space,10841040,11272192,G1 Eden Space,805306368,905969664,G1 Old Gen,982672,10787749888,G1 Survivor Space,37740824,50331648,CodeHeap 'non-profiled nmethods',10584832,10616832,2024-05-12T14:31:55.034223589,844029864,11744051200,123490120,125763584,3.025390625,4,Linux,amd64,6.5.0-1014-aws,30631,30632
NoConcurrencyUtilityDataLoad,CodeHeap 'non-nmethods',1736320,2555904,Metaspace,82232152,83165184,CodeHeap 'profiled nmethods',18183168,18219008,Compressed Class Space,10841040,11272192,G1 Eden Space,134217728,587202560,G1 Old Gen,982672,11106516992,G1 Survivor Space,43121408,50331648,CodeHeap 'non-profiled nmethods',10605440,10616832,2024-05-12T14:31:56.045659314,178321808,11744051200,123597720,125829120,3.025390625,4,Linux,amd64,6.5.0-1014-aws,34447,34448
NoConcurrencyUtilityDataLoad,CodeHeap 'non-nmethods',1736320,2555904,Metaspace,82235024,83165184,CodeHeap 'profiled nmethods',18201472,18219008,Compressed Class Space,10841040,11272192,G1 Eden Space,335544320,587202560,G1 Old Gen,982672,11106516992,G1 Survivor Space,43121408,50331648,CodeHeap 'non-profiled nmethods',10610176,10616832,2024-05-12T14:31:57.049088547,379648400,11744051200,123624032,125829120,3.025390625,4,Linux,amd64,6.5.0-1014-aws,38783,38784
NoConcurrencyUtilityDataLoad,CodeHeap 'non-nmethods',1736320,2555904,Metaspace,82239616,83165184,CodeHeap 'profiled nmethods',18209920,18219008,Compressed Class Space,10841552,11272192,G1 Eden Space,16777216,2281701376,G1 Old Gen,982672,9412018176,G1 Survivor Space,42676592,50331648,CodeHeap 'non-profiled nmethods',10629120,10682368,2024-05-12T14:31:58.059651113,60436480,11744051200,123655928,125894656,3.025390625,4,Linux,amd64,6.5.0-1014-aws,43040,43041
NoConcurrencyUtilityDataLoad,CodeHeap 'non-nmethods',1736320,2555904,Metaspace,82243336,83165184,CodeHeap 'profiled nmethods',18220928,18284544,Compressed Class Space,10841552,11272192,G1 Eden Space,218103808,2281701376,G1 Old Gen,982672,9412018176,G1 Survivor Space,42676592,50331648,CodeHeap 'non-profiled nmethods',10635648,10682368,2024-05-12T14:31:59.063075040,261763072,11744051200,123677784,125960192,3.025390625,4,Linux,amd64,6.5.0-1014-aws,47472,47473
NoConcurrencyUtilityDataLoad,CodeHeap 'non-nmethods',1736320,2555904,Metaspace,82245032,83165184,CodeHeap 'profiled nmethods',18225408,18284544,Compressed Class Space,10841552,11272192,G1 Eden Space,419430400,2281701376,G1 Old Gen,982672,9412018176,G1 Survivor Space,42676592,50331648,CodeHeap 'non-profiled nmethods',10638336,10682368,2024-05-12T14:32:00.067957978,463089664,11744051200,123686648,125960192,2.86279296875,4,Linux,amd64,6.5.0-1014-aws,51849,51850
NoConcurrencyUtilityDataLoad,CodeHeap 'non-nmethods',1736320,2555904,Metaspace,82248512,83165184,CodeHeap 'profiled nmethods',18236928,18284544,Compressed Class Space,10841552,11272192,G1 Eden Space,620756992,2281701376,G1 Old Gen,982672,9412018176,G1 Survivor Space,42676592,50331648,CodeHeap 'non-profiled nmethods',10642688,10682368,2024-05-12T14:32:01.073612041,664416256,11744051200,123706000,125960192,2.86279296875,4,Linux,amd64,6.5.0-1014-aws,56058,56076
NoConcurrencyUtilityDataLoad,CodeHeap 'non-nmethods',1736320,2555904,Metaspace,82250584,83165184,CodeHeap 'profiled nmethods',18245632,18284544,Compressed Class Space,10841552,11272192,G1 Eden Space,822083584,2281701376,G1 Old Gen,982672,9412018176,G1 Survivor Space,42676592,50331648,CodeHeap 'non-profiled nmethods',10642688,10682368,2024-05-12T14:32:02.081088109,865742848,11744051200,123716776,125960192,2.86279296875,4,Linux,amd64,6.5.0-1014-aws,60341,60342
NoConcurrencyUtilityDataLoad,CodeHeap 'non-nmethods',1736320,2555904,Metaspace,82259320,83165184,CodeHeap 'profiled nmethods',18263168,18284544,Compressed Class Space,10841552,11272192,G1 Eden Space,1006632960,2281701376,G1 Old Gen,982672,9412018176,G1 Survivor Space,42676592,50331648,CodeHeap 'non-profiled nmethods',10653440,10682368,2024-05-12T14:32:03.084757597,1050292224,11744051200,123753800,125960192,2.86279296875,4,Linux,amd64,6.5.0-1014-aws,64237,64238
NoConcurrencyUtilityDataLoad,CodeHeap 'non-nmethods',1736320,2555904,Metaspace,82260168,83165184,CodeHeap 'profiled nmethods',18270080,18284544,Compressed Class Space,10841552,11272192,G1 Eden Space,1174405120,2281701376,G1 Old Gen,982672,9412018176,G1 Survivor Space,42676592,50331648,CodeHeap 'non-profiled nmethods',10661760,10682368,2024-05-12T14:32:04.088326069,1218064384,11744051200,123769880,125960192,2.86279296875,4,Linux,amd64,6.5.0-1014-aws,67736,67736
NoConcurrencyUtilityDataLoad,CodeHeap 'non-nmethods',1736320,2555904,Metaspace,82269592,83165184,CodeHeap 'profiled nmethods',18318720,18350080,Compressed Class Space,10841552,11272192,G1 Eden Space,1342177280,2281701376,G1 Old Gen,982672,9412018176,G1 Survivor Space,42676592,50331648,CodeHeap 'non-profiled nmethods',10663168,10682368,2024-05-12T14:32:05.097456209,1385836544,11744051200,123827944,126025728,2.71337890625,4,Linux,amd64,6.5.0-1014-aws,71273,71273
NoConcurrencyUtilityDataLoad,CodeHeap 'non-nmethods',1736320,2555904,Metaspace,82271032,83165184,CodeHeap 'profiled nmethods',18334848,18350080,Compressed Class Space,10841552,11272192,G1 Eden Space,1526726656,2281701376,G1 Old Gen,982672,9412018176,G1 Survivor Space,42676592,50331648,CodeHeap 'non-profiled nmethods',10667520,10682368,2024-05-12T14:32:06.100987336,1570385920,11744051200,123851272,126025728,2.71337890625,4,Linux,amd64,6.5.0-1014-aws,74818,74818
NoConcurrencyUtilityDataLoad,CodeHeap 'non-nmethods',1736320,2555904,Metaspace,82272920,83165184,CodeHeap 'profiled nmethods',18349696,18350080,Compressed Class Space,10841552,11272192,G1 Eden Space,1694498816,2281701376,G1 Old Gen,982672,9412018176,G1 Survivor Space,42676592,50331648,CodeHeap 'non-profiled nmethods',10686336,10747904,2024-05-12T14:32:07.104677116,1738158080,11744051200,123886824,126091264,2.71337890625,4,Linux,amd64,6.5.0-1014-aws,78374,78374
NoConcurrencyUtilityDataLoad,CodeHeap 'non-nmethods',1736320,2555904,Metaspace,82276616,83165184,CodeHeap 'profiled nmethods',18361984,18415616,Compressed Class Space,10841552,11272192,G1 Eden Space,1862270976,2281701376,G1 Old Gen,982672,9412018176,G1 Survivor Space,42676592,50331648,CodeHeap 'non-profiled nmethods',10699008,10747904,2024-05-12T14:32:08.114724923,1905930240,11744051200,123915480,126156800,2.71337890625,4,Linux,amd64,6.5.0-1014-aws,81930,81931
NoConcurrencyUtilityDataLoad,CodeHeap 'non-nmethods',1736320,2555904,Metaspace,82277136,83165184,CodeHeap 'profiled nmethods',18363904,18415616,Compressed Class Space,10841552,11272192,G1 Eden Space,2030043136,2281701376,G1 Old Gen,982672,9412018176,G1 Survivor Space,42676592,50331648,CodeHeap 'non-profiled nmethods',10699008,10747904,2024-05-12T14:32:09.118326032,2073702400,11744051200,123917920,126156800,2.71337890625,4,Linux,amd64,6.5.0-1014-aws,85556,85557
NoConcurrencyUtilityDataLoad,CodeHeap 'non-nmethods',1736320,2555904,Metaspace,82278112,83165184,CodeHeap 'profiled nmethods',18368256,18415616,Compressed Class Space,10841552,11272192,G1 Eden Space,2214592512,2281701376,G1 Old Gen,982672,9412018176,G1 Survivor Space,42676592,50331648,CodeHeap 'non-profiled nmethods',10737280,10747904,2024-05-12T14:32:10.123188130,2258251776,11744051200,123961520,126156800,2.576171875,4,Linux,amd64,6.5.0-1014-aws,89229,89230
NoConcurrencyUtilityDataLoad,CodeHeap 'non-nmethods',1736320,2555904,Metaspace,82282640,83230720,CodeHeap 'profiled nmethods',18385408,18415616,Compressed Class Space,10841552,11272192,G1 Eden Space,167772160,2650800128,G1 Old Gen,982672,9026142208,G1 Survivor Space,60282208,67108864,CodeHeap 'non-profiled nmethods',10738816,10747904,2024-05-12T14:32:11.126896800,229037040,11744051200,123984736,126222336,2.576171875,4,Linux,amd64,6.5.0-1014-aws,93231,93231
NoConcurrencyUtilityDataLoad,CodeHeap 'non-nmethods',1736320,2555904,Metaspace,82287264,83230720,CodeHeap 'profiled nmethods',18408192,18415616,Compressed Class Space,10841552,11272192,G1 Eden Space,369098752,2650800128,G1 Old Gen,982672,9026142208,G1 Survivor Space,60282208,67108864,CodeHeap 'non-profiled nmethods',10767616,10813440,2024-05-12T14:32:12.132051677,430363632,11744051200,124040944,126287872,2.576171875,4,Linux,amd64,6.5.0-1014-aws,97557,97558
NoConcurrencyUtilityDataLoad,CodeHeap 'non-nmethods',1736320,2555904,Metaspace,82289552,83230720,CodeHeap 'profiled nmethods',18434816,18481152,Compressed Class Space,10841552,11272192,G1 Eden Space,570425344,2650800128,G1 Old Gen,982672,9026142208,G1 Survivor Space,60282208,67108864,CodeHeap 'non-profiled nmethods',10783360,10813440,2024-05-12T14:32:13.135702886,631690224,11744051200,124085600,126353408,2.576171875,4,Linux,amd64,6.5.0-1014-aws,101960,101961
NoConcurrencyUtilityDataLoad,CodeHeap 'non-nmethods',1736320,2555904,Metaspace,82293760,83230720,CodeHeap 'profiled nmethods',18449536,18481152,Compressed Class Space,10841552,11272192,G1 Eden Space,788529152,2650800128,G1 Old Gen,982672,9026142208,G1 Survivor Space,60282208,67108864,CodeHeap 'non-profiled nmethods',10808448,10813440,2024-05-12T14:32:14.139289274,849794032,11744051200,124128848,126353408,2.576171875,4,Linux,amd64,6.5.0-1014-aws,106398,106399
NoConcurrencyUtilityDataLoad,CodeHeap 'non-nmethods',1736320,2555904,Metaspace,82294216,83230720,CodeHeap 'profiled nmethods',18454784,18481152,Compressed Class Space,10841552,11272192,G1 Eden Space,989855744,2650800128,G1 Old Gen,982672,9026142208,G1 Survivor Space,60282208,67108864,CodeHeap 'non-profiled nmethods',10809728,10813440,2024-05-12T14:32:15.142761205,1051120624,11744051200,124136144,126353408,2.44970703125,4,Linux,amd64,6.5.0-1014-aws,110724,110725
NoConcurrencyUtilityDataLoad,CodeHeap 'non-nmethods',1736320,2555904,Metaspace,82294216,83230720,CodeHeap 'profiled nmethods',18456320,18481152,Compressed Class Space,10841552,11272192,G1 Eden Space,1191182336,2650800128,G1 Old Gen,982672,9026142208,G1 Survivor Space,60282208,67108864,CodeHeap 'non-profiled nmethods',10823936,10878976,2024-05-12T14:32:16.146139677,1252447216,11744051200,124152344,126418944,2.44970703125,4,Linux,amd64,6.5.0-1014-aws,115008,115009
NoConcurrencyUtilityDataLoad,CodeHeap 'non-nmethods',1736320,2555904,Metaspace,82302568,83230720,CodeHeap 'profiled nmethods',18467456,18481152,Compressed Class Space,10841552,11272192,G1 Eden Space,1409286144,2650800128,G1 Old Gen,982672,9026142208,G1 Survivor Space,60282208,67108864,CodeHeap 'non-profiled nmethods',10823936,10878976,2024-05-12T14:32:17.149492837,1470551024,11744051200,124169528,126418944,2.44970703125,4,Linux,amd64,6.5.0-1014-aws,119319,119320
NoConcurrencyUtilityDataLoad,CodeHeap 'non-nmethods',1736320,2555904,Metaspace,82303520,83230720,CodeHeap 'profiled nmethods',18467456,18481152,Compressed Class Space,10841552,11272192,G1 Eden Space,1610612736,2650800128,G1 Old Gen,982672,9026142208,G1 Survivor Space,60282208,67108864,CodeHeap 'non-profiled nmethods',10825472,10878976,2024-05-12T14:32:18.162300309,1671877616,11744051200,124174320,126418944,2.44970703125,4,Linux,amd64,6.5.0-1014-aws,123721,123721
NoConcurrencyUtilityDataLoad,CodeHeap 'non-nmethods',1736320,2555904,Metaspace,82303520,83230720,CodeHeap 'profiled nmethods',18472832,18481152,Compressed Class Space,10841552,11272192,G1 Eden Space,1828716544,2650800128,G1 Old Gen,982672,9026142208,G1 Survivor Space,60282208,67108864,CodeHeap 'non-profiled nmethods',10852864,10878976,2024-05-12T14:32:19.174569232,1889981424,11744051200,124207088,126418944,2.44970703125,4,Linux,amd64,6.5.0-1014-aws,128270,128270
NoConcurrencyUtilityDataLoad,CodeHeap 'non-nmethods',1736320,2555904,Metaspace,82307680,83230720,CodeHeap 'profiled nmethods',18486144,18546688,Compressed Class Space,10841552,11272192,G1 Eden Space,2046820352,2650800128,G1 Old Gen,982672,9026142208,G1 Survivor Space,60282208,67108864,CodeHeap 'non-profiled nmethods',10857984,10878976,2024-05-12T14:32:20.186508183,2108085232,11744051200,124229224,126484480,2.33349609375,4,Linux,amd64,6.5.0-1014-aws,132681,132681
NoConcurrencyUtilityDataLoad,CodeHeap 'non-nmethods',1736320,2555904,Metaspace,82314528,83230720,CodeHeap 'profiled nmethods',18492416,18546688,Compressed Class Space,10841552,11272192,G1 Eden Space,2248146944,2650800128,G1 Old Gen,982672,9026142208,G1 Survivor Space,60282208,67108864,CodeHeap 'non-profiled nmethods',10857984,10878976,2024-05-12T14:32:21.190174792,2309411824,11744051200,124241192,126484480,2.33349609375,4,Linux,amd64,6.5.0-1014-aws,137053,137054
NoConcurrencyUtilityDataLoad,CodeHeap 'non-nmethods',1736320,2555904,Metaspace,82330496,83230720,CodeHeap 'profiled nmethods',18518016,18546688,Compressed Class Space,10841552,11272192,G1 Eden Space,2432696320,2650800128,G1 Old Gen,982672,9026142208,G1 Survivor Space,60282208,67108864,CodeHeap 'non-profiled nmethods',10857984,10878976,2024-05-12T14:32:22.193638234,2493961200,11744051200,124284368,126484480,2.33349609375,4,Linux,amd64,6.5.0-1014-aws,140852,140852
NoConcurrencyUtilityDataLoad,CodeHeap 'non-nmethods',1736320,2555904,Metaspace,82331760,83230720,CodeHeap 'profiled nmethods',18526848,18546688,Compressed Class Space,10841552,11272192,G1 Eden Space,83886080,2902458368,G1 Old Gen,982672,8757706752,G1 Survivor Space,69598648,83886080,CodeHeap 'non-profiled nmethods',10861440,10878976,2024-05-12T14:32:23.198089842,154467400,11744051200,124297920,126484480,2.33349609375,4,Linux,amd64,6.5.0-1014-aws,144617,144617
NoConcurrencyUtilityDataLoad,CodeHeap 'non-nmethods',1736320,2555904,Metaspace,82334312,83230720,CodeHeap 'profiled nmethods',18526848,18546688,Compressed Class Space,10841552,11272192,G1 Eden Space,301989888,2902458368,G1 Old Gen,982672,8757706752,G1 Survivor Space,69598648,83886080,CodeHeap 'non-profiled nmethods',10869632,10878976,2024-05-12T14:32:24.201734039,372571208,11744051200,124307632,126484480,2.33349609375,4,Linux,amd64,6.5.0-1014-aws,149041,149077
NoConcurrencyUtilityDataLoad,CodeHeap 'non-nmethods',1736320,2555904,Metaspace,82337416,83230720,CodeHeap 'profiled nmethods',18541952,18546688,Compressed Class Space,10841552,11272192,G1 Eden Space,520093696,2902458368,G1 Old Gen,982672,8757706752,G1 Survivor Space,69598648,83886080,CodeHeap 'non-profiled nmethods',10871168,10878976,2024-05-12T14:32:25.221206736,590675016,11744051200,124328408,126484480,2.2265625,4,Linux,amd64,6.5.0-1014-aws,153581,153581
NoConcurrencyUtilityDataLoad,CodeHeap 'non-nmethods',1736320,2555904,Metaspace,82339248,83230720,CodeHeap 'profiled nmethods',18547456,18612224,Compressed Class Space,10841552,11272192,G1 Eden Space,721420288,2902458368,G1 Old Gen,982672,8757706752,G1 Survivor Space,69598648,83886080,CodeHeap 'non-profiled nmethods',10871936,10878976,2024-05-12T14:32:26.224530412,792001608,11744051200,124336512,126550016,2.2265625,4,Linux,amd64,6.5.0-1014-aws,157967,157968
NoConcurrencyUtilityDataLoad,CodeHeap 'non-nmethods',1736320,2555904,Metaspace,82339248,83230720,CodeHeap 'profiled nmethods',18547456,18612224,Compressed Class Space,10841552,11272192,G1 Eden Space,939524096,2902458368,G1 Old Gen,982672,8757706752,G1 Survivor Space,69598648,83886080,CodeHeap 'non-profiled nmethods',10871936,10878976,2024-05-12T14:32:27.227987609,1010105416,11744051200,124336512,126550016,2.2265625,4,Linux,amd64,6.5.0-1014-aws,162432,162433
NoConcurrencyUtilityDataLoad,CodeHeap 'non-nmethods',1736320,2555904,Metaspace,82339248,83230720,CodeHeap 'profiled nmethods',18547456,18612224,Compressed Class Space,10841552,11272192,G1 Eden Space,1140850688,2902458368,G1 Old Gen,982672,8757706752,G1 Survivor Space,69598648,83886080,CodeHeap 'non-profiled nmethods',10871936,10878976,2024-05-12T14:32:28.240080655,1211432008,11744051200,124336512,126550016,2.2265625,4,Linux,amd64,6.5.0-1014-aws,166891,166892
NoConcurrencyUtilityDataLoad,CodeHeap 'non-nmethods',1736320,2555904,Metaspace,82339248,83230720,CodeHeap 'profiled nmethods',18547456,18612224,Compressed Class Space,10841552,11272192,G1 Eden Space,1358954496,2902458368,G1 Old Gen,982672,8757706752,G1 Survivor Space,69598648,83886080,CodeHeap 'non-profiled nmethods',10871936,10878976,2024-05-12T14:32:29.243445244,1429535816,11744051200,124336512,126550016,2.2265625,4,Linux,amd64,6.5.0-1014-aws,171345,171346
NoConcurrencyUtilityDataLoad,CodeHeap 'non-nmethods',1736320,2555904,Metaspace,82340208,83230720,CodeHeap 'profiled nmethods',18558336,18612224,Compressed Class Space,10841552,11272192,G1 Eden Space,1560281088,2902458368,G1 Old Gen,982672,8757706752,G1 Survivor Space,69598648,83886080,CodeHeap 'non-profiled nmethods',10871936,10878976,2024-05-12T14:32:30.256851939,1630862408,11744051200,124348352,126550016,2.1279296875,4,Linux,amd64,6.5.0-1014-aws,175651,175651
NoConcurrencyUtilityDataLoad,CodeHeap 'non-nmethods',1736320,2555904,Metaspace,82341440,83230720,CodeHeap 'profiled nmethods',18563840,18612224,Compressed Class Space,10841552,11272192,G1 Eden Space,1761607680,2902458368,G1 Old Gen,982672,8757706752,G1 Survivor Space,69598648,83886080,CodeHeap 'non-profiled nmethods',10871936,10878976,2024-05-12T14:32:31.260177651,1832189000,11744051200,124355088,126550016,2.1279296875,4,Linux,amd64,6.5.0-1014-aws,179934,179935
NoConcurrencyUtilityDataLoad,CodeHeap 'non-nmethods',1736320,2555904,Metaspace,82342904,83230720,CodeHeap 'profiled nmethods',18566400,18612224,Compressed Class Space,10841552,11272192,G1 Eden Space,1979711488,2902458368,G1 Old Gen,982672,8757706752,G1 Survivor Space,69598648,83886080,CodeHeap 'non-profiled nmethods',10872832,10878976,2024-05-12T14:32:32.263512643,2050292808,11744051200,124360008,126550016,2.1279296875,4,Linux,amd64,6.5.0-1014-aws,184307,184308
NoConcurrencyUtilityDataLoad,CodeHeap 'non-nmethods',1736320,2555904,Metaspace,82344816,83230720,CodeHeap 'profiled nmethods',18574976,18612224,Compressed Class Space,10841552,11272192,G1 Eden Space,2181038080,2902458368,G1 Old Gen,982672,8757706752,G1 Survivor Space,69598648,83886080,CodeHeap 'non-profiled nmethods',10872832,10878976,2024-05-12T14:32:33.266909093,2251619400,11744051200,124370496,126550016,2.1279296875,4,Linux,amd64,6.5.0-1014-aws,188655,188655
NoConcurrencyUtilityDataLoad,CodeHeap 'non-nmethods',1736320,2555904,Metaspace,82346904,83230720,CodeHeap 'profiled nmethods',18582656,18612224,Compressed Class Space,10841552,11272192,G1 Eden Space,2382364672,2902458368,G1 Old Gen,982672,8757706752,G1 Survivor Space,69598648,83886080,CodeHeap 'non-profiled nmethods',10872832,10878976,2024-05-12T14:32:34.270249042,2452945992,11744051200,124380264,126550016,2.1279296875,4,Linux,amd64,6.5.0-1014-aws,192929,192929
NoConcurrencyUtilityDataLoad,CodeHeap 'non-nmethods',1736320,2555904,Metaspace,82350608,83296256,CodeHeap 'profiled nmethods',18591488,18612224,Compressed Class Space,10841552,11272192,G1 Eden Space,2600468480,2902458368,G1 Old Gen,982672,8757706752,G1 Survivor Space,69598648,83886080,CodeHeap 'non-profiled nmethods',10873856,10878976,2024-05-12T14:32:35.285914616,2671049800,11744051200,124388576,126615552,2.03759765625,4,Linux,amd64,6.5.0-1014-aws,197413,197460
NoConcurrencyUtilityDataLoad,CodeHeap 'non-nmethods',1736320,2555904,Metaspace,82360344,83296256,CodeHeap 'profiled nmethods',18630784,18677760,Compressed Class Space,10842048,11272192,G1 Eden Space,16777216,2717908992,G1 Old Gen,982672,8925478912,G1 Survivor Space,90153488,100663296,CodeHeap 'non-profiled nmethods',10876032,10878976,2024-05-12T14:32:36.302202375,107913376,11744051200,124445528,126681088,2.03759765625,4,Linux,amd64,6.5.0-1014-aws,200871,200871
NoConcurrencyUtilityDataLoad,CodeHeap 'non-nmethods',1736320,2555904,Metaspace,82361616,83296256,CodeHeap 'profiled nmethods',18636288,18677760,Compressed Class Space,10842048,11272192,G1 Eden Space,218103808,2717908992,G1 Old Gen,982672,8925478912,G1 Survivor Space,90153488,100663296,CodeHeap 'non-profiled nmethods',10877056,10878976,2024-05-12T14:32:37.305553187,309239968,11744051200,124453328,126681088,2.03759765625,4,Linux,amd64,6.5.0-1014-aws,205254,205255
NoConcurrencyUtilityDataLoad,CodeHeap 'non-nmethods',1736320,2555904,Metaspace,82363288,83296256,CodeHeap 'profiled nmethods',18646144,18677760,Compressed Class Space,10842048,11272192,G1 Eden Space,436207616,2717908992,G1 Old Gen,982672,8925478912,G1 Survivor Space,90153488,100663296,CodeHeap 'non-profiled nmethods',10877056,10878976,2024-05-12T14:32:38.308716579,527343776,11744051200,124463192,126681088,2.03759765625,4,Linux,amd64,6.5.0-1014-aws,209748,209748
NoConcurrencyUtilityDataLoad,CodeHeap 'non-nmethods',1736320,2555904,Metaspace,82363288,83296256,CodeHeap 'profiled nmethods',18654464,18677760,Compressed Class Space,10842048,11272192,G1 Eden Space,637534208,2717908992,G1 Old Gen,982672,8925478912,G1 Survivor Space,90153488,100663296,CodeHeap 'non-profiled nmethods',10884736,10944512,2024-05-12T14:32:39.312196938,728670368,11744051200,124480856,126746624,2.03759765625,4,Linux,amd64,6.5.0-1014-aws,213978,213978
NoConcurrencyUtilityDataLoad,CodeHeap 'non-nmethods',1736320,2555904,Metaspace,82364176,83296256,CodeHeap 'profiled nmethods',18655872,18677760,Compressed Class Space,10842048,11272192,G1 Eden Space,838860800,2717908992,G1 Old Gen,982672,8925478912,G1 Survivor Space,90153488,100663296,CodeHeap 'non-profiled nmethods',10884736,10944512,2024-05-12T14:32:40.315509809,929996960,11744051200,124481744,126746624,1.9541015625,4,Linux,amd64,6.5.0-1014-aws,218235,218236
NoConcurrencyUtilityDataLoad,CodeHeap 'non-nmethods',1736320,2555904,Metaspace,82364176,83296256,CodeHeap 'profiled nmethods',18656768,18677760,Compressed Class Space,10842048,11272192,G1 Eden Space,1040187392,2717908992,G1 Old Gen,982672,8925478912,G1 Survivor Space,90153488,100663296,CodeHeap 'non-profiled nmethods',10891648,10944512,2024-05-12T14:32:41.330750441,1131323552,11744051200,124490960,126746624,1.9541015625,4,Linux,amd64,6.5.0-1014-aws,222441,222441
