NoConcurrencyUtilityDataLoad,CodeHeap 'non-nmethods',1600128,2555904,Metaspace,74098192,74973184,CodeHeap 'profiled nmethods',12541184,12582912,Compressed Class Space,9861936,10289152,G1 Eden Space,218103808,419430400,G1 Old Gen,1009288,7935623168,G1 Survivor Space,23297600,33554432,CodeHeap 'non-profiled nmethods',4967680,4980736,2024-05-12T22:29:07.291429793,242410696,8388608000,103037664,105381888,3.0615234375,4,Linux,aarch64,6.5.0-1014-aws,0,1
NoConcurrencyUtilityDataLoad,CodeHeap 'non-nmethods',1608576,2555904,Metaspace,81885472,82771968,CodeHeap 'profiled nmethods',16606848,16646144,Compressed Class Space,10811232,11206656,G1 Eden Space,268435456,419430400,G1 Old Gen,1009288,7935623168,G1 Survivor Space,23297600,33554432,CodeHeap 'non-profiled nmethods',6086272,6094848,2024-05-12T22:29:08.768075322,292742344,8388608000,116998400,119275520,2.97607421875,4,Linux,aarch64,6.5.0-1014-aws,268,269
NoConcurrencyUtilityDataLoad,CodeHeap 'non-nmethods',1713664,2555904,Metaspace,82051656,82903040,CodeHeap 'profiled nmethods',18346368,18350080,Compressed Class Space,10811736,11206656,G1 Eden Space,301989888,419430400,G1 Old Gen,1009288,7935623168,G1 Survivor Space,23297600,33554432,CodeHeap 'non-profiled nmethods',6549760,6553600,2024-05-12T22:29:09.775876768,326296776,8388608000,119473184,121569280,2.97607421875,4,Linux,aarch64,6.5.0-1014-aws,757,758
NoConcurrencyUtilityDataLoad,CodeHeap 'non-nmethods',1608576,2555904,Metaspace,82109056,82968576,CodeHeap 'profiled nmethods',19455488,19464192,Compressed Class Space,10812752,11206656,G1 Eden Space,335544320,419430400,G1 Old Gen,1009288,7935623168,G1 Survivor Space,23297600,33554432,CodeHeap 'non-profiled nmethods',7132032,7143424,2024-05-12T22:29:10.780797897,359851208,8388608000,121117904,123338752,2.97607421875,4,Linux,aarch64,6.5.0-1014-aws,1513,1513
NoConcurrencyUtilityDataLoad,CodeHeap 'non-nmethods',1608576,2555904,Metaspace,82279904,83165184,CodeHeap 'profiled nmethods',19578752,19595264,Compressed Class Space,10835272,11206656,G1 Eden Space,16777216,536870912,G1 Old Gen,1009288,10317987840,G1 Survivor Space,33554432,33554432,CodeHeap 'non-profiled nmethods',7906688,7929856,2024-05-12T22:29:11.785769946,51340936,10888413184,122209192,124452864,2.97607421875,4,Linux,aarch64,6.5.0-1014-aws,2481,2482
NoConcurrencyUtilityDataLoad,CodeHeap 'non-nmethods',1608576,2555904,Metaspace,82300096,83230720,CodeHeap 'profiled nmethods',19619200,19660800,Compressed Class Space,10837784,11272192,G1 Eden Space,83886080,536870912,G1 Old Gen,1009288,10317987840,G1 Survivor Space,33554432,33554432,CodeHeap 'non-profiled nmethods',8463872,8519680,2024-05-12T22:29:12.790187133,118449800,10888413184,122829528,125239296,2.97802734375,4,Linux,aarch64,6.5.0-1014-aws,3810,3811
NoConcurrencyUtilityDataLoad,CodeHeap 'non-nmethods',1608576,2555904,Metaspace,82323176,83230720,CodeHeap 'profiled nmethods',19673472,19726336,Compressed Class Space,10837784,11272192,G1 Eden Space,167772160,536870912,G1 Old Gen,1009288,10317987840,G1 Survivor Space,33554432,33554432,CodeHeap 'non-profiled nmethods',9072768,9109504,2024-05-12T22:29:13.794799666,202335880,10888413184,123515776,125894656,2.97802734375,4,Linux,aarch64,6.5.0-1014-aws,5442,5443
NoConcurrencyUtilityDataLoad,CodeHeap 'non-nmethods',1608576,2555904,Metaspace,82333128,83230720,CodeHeap 'profiled nmethods',19698944,19726336,Compressed Class Space,10839304,11272192,G1 Eden Space,268435456,536870912,G1 Old Gen,1009288,10317987840,G1 Survivor Space,33554432,33554432,CodeHeap 'non-profiled nmethods',9758976,9764864,2024-05-12T22:29:14.798561167,302999176,10888413184,124238928,126550016,2.97802734375,4,Linux,aarch64,6.5.0-1014-aws,7506,7512
NoConcurrencyUtilityDataLoad,CodeHeap 'non-nmethods',1608576,2555904,Metaspace,82349952,83230720,CodeHeap 'profiled nmethods',19752960,19791872,Compressed Class Space,10839824,11272192,G1 Eden Space,402653184,536870912,G1 Old Gen,1009288,10317987840,G1 Survivor Space,33554432,33554432,CodeHeap 'non-profiled nmethods',10420608,10485760,2024-05-12T22:29:15.804133671,437216904,10888413184,124971920,127336448,2.97802734375,4,Linux,aarch64,6.5.0-1014-aws,10428,10438
NoConcurrencyUtilityDataLoad,CodeHeap 'non-nmethods',1608576,2555904,Metaspace,82359288,83230720,CodeHeap 'profiled nmethods',19781504,19791872,Compressed Class Space,10839824,11272192,G1 Eden Space,83886080,1174405120,G1 Old Gen,1009288,9663676416,G1 Survivor Space,34949712,50331648,CodeHeap 'non-profiled nmethods',10702720,10747904,2024-05-12T22:29:16.813592555,119845080,10888413184,125290176,127598592,2.97802734375,4,Linux,aarch64,6.5.0-1014-aws,14159,14160
NoConcurrencyUtilityDataLoad,CodeHeap 'non-nmethods',1608576,2555904,Metaspace,82364424,83230720,CodeHeap 'profiled nmethods',19799040,19857408,Compressed Class Space,10839824,11272192,G1 Eden Space,318767104,1174405120,G1 Old Gen,1009288,9663676416,G1 Survivor Space,34949712,50331648,CodeHeap 'non-profiled nmethods',10731776,10747904,2024-05-12T22:29:17.817038960,354726104,10888413184,125340656,127664128,2.8193359375,4,Linux,aarch64,6.5.0-1014-aws,18985,18986
NoConcurrencyUtilityDataLoad,CodeHeap 'non-nmethods',1608576,2555904,Metaspace,82388288,83296256,CodeHeap 'profiled nmethods',19852160,19857408,Compressed Class Space,10839824,11272192,G1 Eden Space,520093696,1174405120,G1 Old Gen,1009288,9663676416,G1 Survivor Space,34949712,50331648,CodeHeap 'non-profiled nmethods',10747392,10747904,2024-05-12T22:29:18.820573782,556052696,10888413184,125434832,127729664,2.8193359375,4,Linux,aarch64,6.5.0-1014-aws,23519,23520
NoConcurrencyUtilityDataLoad,CodeHeap 'non-nmethods',1608576,2555904,Metaspace,82394272,83296256,CodeHeap 'profiled nmethods',19861760,19922944,Compressed Class Space,10839824,11272192,G1 Eden Space,704643072,1174405120,G1 Old Gen,1009288,9663676416,G1 Survivor Space,34949712,50331648,CodeHeap 'non-profiled nmethods',10751232,10813440,2024-05-12T22:29:19.833027278,740602072,10888413184,125455664,127860736,2.8193359375,4,Linux,aarch64,6.5.0-1014-aws,27165,27165
NoConcurrencyUtilityDataLoad,CodeHeap 'non-nmethods',1608576,2555904,Metaspace,82396296,83296256,CodeHeap 'profiled nmethods',19870080,19922944,Compressed Class Space,10839824,11272192,G1 Eden Space,872415232,1174405120,G1 Old Gen,1009288,9663676416,G1 Survivor Space,34949712,50331648,CodeHeap 'non-profiled nmethods',10766720,10813440,2024-05-12T22:29:20.842941702,908374232,10888413184,125481496,127860736,2.8193359375,4,Linux,aarch64,6.5.0-1014-aws,30760,30761
NoConcurrencyUtilityDataLoad,CodeHeap 'non-nmethods',1608576,2555904,Metaspace,82399568,83296256,CodeHeap 'profiled nmethods',19934336,19988480,Compressed Class Space,10839824,11272192,G1 Eden Space,1040187392,1174405120,G1 Old Gen,1009288,9663676416,G1 Survivor Space,34949712,50331648,CodeHeap 'non-profiled nmethods',10786560,10813440,2024-05-12T22:29:21.846157276,1076146392,10888413184,125568456,127926272,2.8193359375,4,Linux,aarch64,6.5.0-1014-aws,34333,34334
NoConcurrencyUtilityDataLoad,CodeHeap 'non-nmethods',1608576,2555904,Metaspace,82403968,83296256,CodeHeap 'profiled nmethods',19971456,19988480,Compressed Class Space,10839824,11272192,G1 Eden Space,100663296,553648128,G1 Old Gen,1009288,10284433408,G1 Survivor Space,43057040,50331648,CodeHeap 'non-profiled nmethods',10793216,10813440,2024-05-12T22:29:22.849336355,144729624,10888413184,125615632,127926272,2.67333984375,4,Linux,aarch64,6.5.0-1014-aws,38231,38231
NoConcurrencyUtilityDataLoad,CodeHeap 'non-nmethods',1608576,2555904,Metaspace,82405896,83296256,CodeHeap 'profiled nmethods',19980032,19988480,Compressed Class Space,10839824,11272192,G1 Eden Space,318767104,553648128,G1 Old Gen,1009288,10284433408,G1 Survivor Space,43057040,50331648,CodeHeap 'non-profiled nmethods',10804096,10813440,2024-05-12T22:29:23.854433028,362833432,10888413184,125637816,127926272,2.67333984375,4,Linux,aarch64,6.5.0-1014-aws,43058,43059
NoConcurrencyUtilityDataLoad,CodeHeap 'non-nmethods',1608576,2555904,Metaspace,82412480,83296256,CodeHeap 'profiled nmethods',19987456,19988480,Compressed Class Space,10840336,11272192,G1 Eden Space,50331648,2785017856,G1 Old Gen,9244752,8053063680,G1 Survivor Space,35421536,50331648,CodeHeap 'non-profiled nmethods',10804992,10813440,2024-05-12T22:29:24.857536982,94997936,10888413184,125653840,127926272,2.67333984375,4,Linux,aarch64,6.5.0-1014-aws,47592,47593
NoConcurrencyUtilityDataLoad,CodeHeap 'non-nmethods',1608576,2555904,Metaspace,82414696,83296256,CodeHeap 'profiled nmethods',19994368,20054016,Compressed Class Space,10840336,11272192,G1 Eden Space,268435456,2785017856,G1 Old Gen,9244752,8053063680,G1 Survivor Space,35421536,50331648,CodeHeap 'non-profiled nmethods',10810112,10813440,2024-05-12T22:29:25.860696148,313101744,10888413184,125668088,127991808,2.67333984375,4,Linux,aarch64,6.5.0-1014-aws,52395,52396
NoConcurrencyUtilityDataLoad,CodeHeap 'non-nmethods',1608576,2555904,Metaspace,82425176,83296256,CodeHeap 'profiled nmethods',20010496,20054016,Compressed Class Space,10840336,11272192,G1 Eden Space,503316480,2785017856,G1 Old Gen,9244752,8053063680,G1 Survivor Space,35421536,50331648,CodeHeap 'non-profiled nmethods',10810112,10813440,2024-05-12T22:29:26.867233229,547982768,10888413184,125694696,127991808,2.67333984375,4,Linux,aarch64,6.5.0-1014-aws,57267,57288
NoConcurrencyUtilityDataLoad,CodeHeap 'non-nmethods',1608576,2555904,Metaspace,82430160,83296256,CodeHeap 'profiled nmethods',20025984,20054016,Compressed Class Space,10840336,11272192,G1 Eden Space,738197504,2785017856,G1 Old Gen,9244752,8053063680,G1 Survivor Space,35421536,50331648,CodeHeap 'non-profiled nmethods',10819200,10878976,2024-05-12T22:29:27.874530035,782863792,10888413184,125724256,128057344,2.5390625,4,Linux,aarch64,6.5.0-1014-aws,62248,62249
NoConcurrencyUtilityDataLoad,CodeHeap 'non-nmethods',1608576,2555904,Metaspace,82433816,83296256,CodeHeap 'profiled nmethods',20033152,20054016,Compressed Class Space,10840336,11272192,G1 Eden Space,989855744,2785017856,G1 Old Gen,9244752,8053063680,G1 Survivor Space,35421536,50331648,CodeHeap 'non-profiled nmethods',10828032,10878976,2024-05-12T22:29:28.877711731,1034522032,10888413184,125743912,128057344,2.5390625,4,Linux,aarch64,6.5.0-1014-aws,67297,67298
NoConcurrencyUtilityDataLoad,CodeHeap 'non-nmethods',1608576,2555904,Metaspace,82443160,83361792,CodeHeap 'profiled nmethods',20049664,20054016,Compressed Class Space,10840336,11272192,G1 Eden Space,1224736768,2785017856,G1 Old Gen,9244752,8053063680,G1 Survivor Space,35421536,50331648,CodeHeap 'non-profiled nmethods',10829440,10878976,2024-05-12T22:29:29.889565232,1269403056,10888413184,125766624,128057344,2.5390625,4,Linux,aarch64,6.5.0-1014-aws,72064,72065
NoConcurrencyUtilityDataLoad,CodeHeap 'non-nmethods',1608576,2555904,Metaspace,82444472,83361792,CodeHeap 'profiled nmethods',20078848,20119552,Compressed Class Space,10840336,11272192,G1 Eden Space,1392508928,2785017856,G1 Old Gen,9244752,8053063680,G1 Survivor Space,35421536,50331648,CodeHeap 'non-profiled nmethods',10844032,10878976,2024-05-12T22:29:30.893105695,1437175216,10888413184,125815112,128188416,2.5390625,4,Linux,aarch64,6.5.0-1014-aws,75719,75719
NoConcurrencyUtilityDataLoad,CodeHeap 'non-nmethods',1608576,2555904,Metaspace,82445776,83361792,CodeHeap 'profiled nmethods',20082176,20119552,Compressed Class Space,10840336,11272192,G1 Eden Space,1577058304,2785017856,G1 Old Gen,9244752,8053063680,G1 Survivor Space,35421536,50331648,CodeHeap 'non-profiled nmethods',10844032,10878976,2024-05-12T22:29:31.906270288,1621724592,10888413184,125820896,128188416,2.5390625,4,Linux,aarch64,6.5.0-1014-aws,79480,79480
NoConcurrencyUtilityDataLoad,CodeHeap 'non-nmethods',1608576,2555904,Metaspace,82448552,83361792,CodeHeap 'profiled nmethods',20109824,20119552,Compressed Class Space,10840336,11272192,G1 Eden Space,1744830464,2785017856,G1 Old Gen,9244752,8053063680,G1 Survivor Space,35421536,50331648,CodeHeap 'non-profiled nmethods',10852352,10878976,2024-05-12T22:29:32.909363456,1789496752,10888413184,125859640,128188416,2.41552734375,4,Linux,aarch64,6.5.0-1014-aws,83195,83234
NoConcurrencyUtilityDataLoad,CodeHeap 'non-nmethods',1608576,2555904,Metaspace,82449320,83361792,CodeHeap 'profiled nmethods',20112512,20119552,Compressed Class Space,10840336,11272192,G1 Eden Space,1929379840,2785017856,G1 Old Gen,9244752,8053063680,G1 Survivor Space,35421536,50331648,CodeHeap 'non-profiled nmethods',10882304,10944512,2024-05-12T22:29:33.923927531,1974046128,10888413184,125893048,128253952,2.41552734375,4,Linux,aarch64,6.5.0-1014-aws,86914,86914
NoConcurrencyUtilityDataLoad,CodeHeap 'non-nmethods',1608576,2555904,Metaspace,82449848,83361792,CodeHeap 'profiled nmethods',20114560,20119552,Compressed Class Space,10840336,11272192,G1 Eden Space,2097152000,2785017856,G1 Old Gen,9244752,8053063680,G1 Survivor Space,35421536,50331648,CodeHeap 'non-profiled nmethods',10887296,10944512,2024-05-12T22:29:34.926952606,2141818288,10888413184,125900616,128253952,2.41552734375,4,Linux,aarch64,6.5.0-1014-aws,90597,90597
NoConcurrencyUtilityDataLoad,CodeHeap 'non-nmethods',1608576,2555904,Metaspace,82450752,83361792,CodeHeap 'profiled nmethods',20118656,20119552,Compressed Class Space,10840336,11272192,G1 Eden Space,2264924160,2785017856,G1 Old Gen,9244752,8053063680,G1 Survivor Space,35421536,50331648,CodeHeap 'non-profiled nmethods',10888192,10944512,2024-05-12T22:29:35.944202909,2309590448,10888413184,125906512,128253952,2.41552734375,4,Linux,aarch64,6.5.0-1014-aws,94283,94283
NoConcurrencyUtilityDataLoad,CodeHeap 'non-nmethods',1608576,2555904,Metaspace,82450752,83361792,CodeHeap 'profiled nmethods',20118656,20119552,Compressed Class Space,10840336,11272192,G1 Eden Space,2449473536,2785017856,G1 Old Gen,9244752,8053063680,G1 Survivor Space,35421536,50331648,CodeHeap 'non-profiled nmethods',10888192,10944512,2024-05-12T22:29:36.947264530,2494139824,10888413184,125906512,128253952,2.41552734375,4,Linux,aarch64,6.5.0-1014-aws,98012,98012
NoConcurrencyUtilityDataLoad,CodeHeap 'non-nmethods',1608576,2555904,Metaspace,82459400,83361792,CodeHeap 'profiled nmethods',20147200,20185088,Compressed Class Space,10840336,11272192,G1 Eden Space,2684354560,2785017856,G1 Old Gen,9244752,8053063680,G1 Survivor Space,35421536,50331648,CodeHeap 'non-profiled nmethods',10893056,10944512,2024-05-12T22:29:37.950423699,2729020848,10888413184,125948568,128319488,2.3017578125,4,Linux,aarch64,6.5.0-1014-aws,102950,102950
NoConcurrencyUtilityDataLoad,CodeHeap 'non-nmethods',1608576,2555904,Metaspace,82462392,83361792,CodeHeap 'profiled nmethods',20165248,20185088,Compressed Class Space,10840336,11272192,G1 Eden Space,184549376,3053453312,G1 Old Gen,9244752,7767851008,G1 Survivor Space,52070776,67108864,CodeHeap 'non-profiled nmethods',10898944,10944512,2024-05-12T22:29:38.969477662,245864904,10888413184,125975496,128319488,2.3017578125,4,Linux,aarch64,6.5.0-1014-aws,107795,107796
NoConcurrencyUtilityDataLoad,CodeHeap 'non-nmethods',1608576,2555904,Metaspace,82463960,83361792,CodeHeap 'profiled nmethods',20169088,20185088,Compressed Class Space,10840336,11272192,G1 Eden Space,419430400,3053453312,G1 Old Gen,9244752,7767851008,G1 Survivor Space,52070776,67108864,CodeHeap 'non-profiled nmethods',10898944,10944512,2024-05-12T22:29:39.977682582,480745928,10888413184,125980904,128319488,2.3017578125,4,Linux,aarch64,6.5.0-1014-aws,112821,112850
NoConcurrencyUtilityDataLoad,CodeHeap 'non-nmethods',1608576,2555904,Metaspace,82464424,83361792,CodeHeap 'profiled nmethods',20169088,20185088,Compressed Class Space,10840336,11272192,G1 Eden Space,654311424,3053453312,G1 Old Gen,9244752,7767851008,G1 Survivor Space,52070776,67108864,CodeHeap 'non-profiled nmethods',10946688,11010048,2024-05-12T22:29:40.986523363,715626952,10888413184,126029112,128385024,2.3017578125,4,Linux,aarch64,6.5.0-1014-aws,117809,117809
NoConcurrencyUtilityDataLoad,CodeHeap 'non-nmethods',1608576,2555904,Metaspace,82464880,83361792,CodeHeap 'profiled nmethods',20171648,20185088,Compressed Class Space,10840336,11272192,G1 Eden Space,889192448,3053453312,G1 Old Gen,9244752,7767851008,G1 Survivor Space,52070776,67108864,CodeHeap 'non-profiled nmethods',10948096,11010048,2024-05-12T22:29:41.997001285,950507976,10888413184,126033536,128385024,2.3017578125,4,Linux,aarch64,6.5.0-1014-aws,122922,122922
NoConcurrencyUtilityDataLoad,CodeHeap 'non-nmethods',1608576,2555904,Metaspace,82470312,83361792,CodeHeap 'profiled nmethods',20178688,20185088,Compressed Class Space,10840336,11272192,G1 Eden Space,1124073472,3053453312,G1 Old Gen,9244752,7767851008,G1 Survivor Space,52070776,67108864,CodeHeap 'non-profiled nmethods',10982656,11010048,2024-05-12T22:29:43.000190197,1185389000,10888413184,126080568,128385024,2.197265625,4,Linux,aarch64,6.5.0-1014-aws,127784,127812
NoConcurrencyUtilityDataLoad,CodeHeap 'non-nmethods',1608576,2555904,Metaspace,82470312,83361792,CodeHeap 'profiled nmethods',20192768,20250624,Compressed Class Space,10840336,11272192,G1 Eden Space,1375731712,3053453312,G1 Old Gen,9244752,7767851008,G1 Survivor Space,52070776,67108864,CodeHeap 'non-profiled nmethods',11005312,11010048,2024-05-12T22:29:44.010544666,1437047240,10888413184,126115256,128450560,2.197265625,4,Linux,aarch64,6.5.0-1014-aws,132831,132832
NoConcurrencyUtilityDataLoad,CodeHeap 'non-nmethods',1608576,2555904,Metaspace,82471280,83361792,CodeHeap 'profiled nmethods',20196096,20250624,Compressed Class Space,10840336,11272192,G1 Eden Space,1610612736,3053453312,G1 Old Gen,9244752,7767851008,G1 Survivor Space,52070776,67108864,CodeHeap 'non-profiled nmethods',11005312,11010048,2024-05-12T22:29:45.028275034,1671928264,10888413184,126121600,128450560,2.197265625,4,Linux,aarch64,6.5.0-1014-aws,137942,138035
NoConcurrencyUtilityDataLoad,CodeHeap 'non-nmethods',1608576,2555904,Metaspace,82473680,83361792,CodeHeap 'profiled nmethods',20203392,20250624,Compressed Class Space,10840336,11272192,G1 Eden Space,1845493760,3053453312,G1 Old Gen,9244752,7767851008,G1 Survivor Space,52070776,67108864,CodeHeap 'non-profiled nmethods',11005312,11010048,2024-05-12T22:29:46.052494994,1906809288,10888413184,126130832,128450560,2.197265625,4,Linux,aarch64,6.5.0-1014-aws,142761,142762
NoConcurrencyUtilityDataLoad,CodeHeap 'non-nmethods',1608576,2555904,Metaspace,82480760,83361792,CodeHeap 'profiled nmethods',20208512,20250624,Compressed Class Space,10840336,11272192,G1 Eden Space,2080374784,3053453312,G1 Old Gen,9244752,7767851008,G1 Survivor Space,52070776,67108864,CodeHeap 'non-profiled nmethods',11006080,11010048,2024-05-12T22:29:47.055741306,2141690312,10888413184,126142088,128450560,2.197265625,4,Linux,aarch64,6.5.0-1014-aws,147904,147904
NoConcurrencyUtilityDataLoad,CodeHeap 'non-nmethods',1608576,2555904,Metaspace,82495800,83361792,CodeHeap 'profiled nmethods',20236032,20250624,Compressed Class Space,10840336,11272192,G1 Eden Space,2332033024,3053453312,G1 Old Gen,9244752,7767851008,G1 Survivor Space,52070776,67108864,CodeHeap 'non-profiled nmethods',11006080,11010048,2024-05-12T22:29:48.059005817,2393348552,10888413184,126186824,128450560,2.10107421875,4,Linux,aarch64,6.5.0-1014-aws,153064,153145
NoConcurrencyUtilityDataLoad,CodeHeap 'non-nmethods',1608576,2555904,Metaspace,82495800,83361792,CodeHeap 'profiled nmethods',20236032,20250624,Compressed Class Space,10840336,11272192,G1 Eden Space,2583691264,3053453312,G1 Old Gen,9244752,7767851008,G1 Survivor Space,52070776,67108864,CodeHeap 'non-profiled nmethods',11006080,11010048,2024-05-12T22:29:49.079276534,2645006792,10888413184,126186824,128450560,2.10107421875,4,Linux,aarch64,6.5.0-1014-aws,158253,158254
NoConcurrencyUtilityDataLoad,CodeHeap 'non-nmethods',1608576,2555904,Metaspace,82499672,83361792,CodeHeap 'profiled nmethods',20236032,20250624,Compressed Class Space,10840336,11272192,G1 Eden Space,2818572288,3053453312,G1 Old Gen,9244752,7767851008,G1 Survivor Space,52070776,67108864,CodeHeap 'non-profiled nmethods',11006848,11010048,2024-05-12T22:29:50.082867430,2879887816,10888413184,126191464,128450560,2.10107421875,4,Linux,aarch64,6.5.0-1014-aws,163342,163343
NoConcurrencyUtilityDataLoad,CodeHeap 'non-nmethods',1608576,2555904,Metaspace,82500576,83361792,CodeHeap 'profiled nmethods',20247424,20250624,Compressed Class Space,10840336,11272192,G1 Eden Space,150994944,3372220416,G1 Old Gen,9244752,7432306688,G1 Survivor Space,71647840,83886080,CodeHeap 'non-profiled nmethods',11028096,11075584,2024-05-12T22:29:51.086946458,231887536,10888413184,126225008,128516096,2.10107421875,4,Linux,aarch64,6.5.0-1014-aws,168009,168010
NoConcurrencyUtilityDataLoad,CodeHeap 'non-nmethods',1608576,2555904,Metaspace,82500576,83361792,CodeHeap 'profiled nmethods',20247424,20250624,Compressed Class Space,10840336,11272192,G1 Eden Space,385875968,3372220416,G1 Old Gen,9244752,7432306688,G1 Survivor Space,71647840,83886080,CodeHeap 'non-profiled nmethods',11029120,11075584,2024-05-12T22:29:52.089998320,466768560,10888413184,126226032,128516096,2.10107421875,4,Linux,aarch64,6.5.0-1014-aws,173138,173138
NoConcurrencyUtilityDataLoad,CodeHeap 'non-nmethods',1608576,2555904,Metaspace,82500576,83361792,CodeHeap 'profiled nmethods',20247424,20250624,Compressed Class Space,10840336,11272192,G1 Eden Space,637534208,3372220416,G1 Old Gen,9244752,7432306688,G1 Survivor Space,71647840,83886080,CodeHeap 'non-profiled nmethods',11029120,11075584,2024-05-12T22:29:53.093031303,718426800,10888413184,126226032,128516096,2.0126953125,4,Linux,aarch64,6.5.0-1014-aws,178324,178324
NoConcurrencyUtilityDataLoad,CodeHeap 'non-nmethods',1608576,2555904,Metaspace,82502432,83361792,CodeHeap 'profiled nmethods',20306176,20316160,Compressed Class Space,10840336,11272192,G1 Eden Space,872415232,3372220416,G1 Old Gen,9244752,7432306688,G1 Survivor Space,71647840,83886080,CodeHeap 'non-profiled nmethods',11050752,11075584,2024-05-12T22:29:54.105544220,953307824,10888413184,126308272,128581632,2.0126953125,4,Linux,aarch64,6.5.0-1014-aws,183445,183446
NoConcurrencyUtilityDataLoad,CodeHeap 'non-nmethods',1608576,2555904,Metaspace,82503032,83361792,CodeHeap 'profiled nmethods',20307200,20316160,Compressed Class Space,10840336,11272192,G1 Eden Space,1124073472,3372220416,G1 Old Gen,9244752,7432306688,G1 Survivor Space,71647840,83886080,CodeHeap 'non-profiled nmethods',11065344,11075584,2024-05-12T22:29:55.108845916,1204966064,10888413184,126324488,128581632,2.0126953125,4,Linux,aarch64,6.5.0-1014-aws,188544,188544
NoConcurrencyUtilityDataLoad,CodeHeap 'non-nmethods',1608576,2555904,Metaspace,82504008,83361792,CodeHeap 'profiled nmethods',20321024,20381696,Compressed Class Space,10840336,11272192,G1 Eden Space,1375731712,3372220416,G1 Old Gen,9244752,7432306688,G1 Survivor Space,71647840,83886080,CodeHeap 'non-profiled nmethods',11065344,11075584,2024-05-12T22:29:56.112214040,1456624304,10888413184,126337496,128647168,2.0126953125,4,Linux,aarch64,6.5.0-1014-aws,193703,193703
NoConcurrencyUtilityDataLoad,CodeHeap 'non-nmethods',1608576,2555904,Metaspace,82504768,83361792,CodeHeap 'profiled nmethods',20323456,20381696,Compressed Class Space,10840336,11272192,G1 Eden Space,1610612736,3372220416,G1 Old Gen,9244752,7432306688,G1 Survivor Space,71647840,83886080,CodeHeap 'non-profiled nmethods',11065344,11075584,2024-05-12T22:29:57.115308511,1691505328,10888413184,126342480,128647168,2.0126953125,4,Linux,aarch64,6.5.0-1014-aws,198878,198878
NoConcurrencyUtilityDataLoad,CodeHeap 'non-nmethods',1608576,2555904,Metaspace,82506664,83361792,CodeHeap 'profiled nmethods',20327680,20381696,Compressed Class Space,10840336,11272192,G1 Eden Space,1862270976,3372220416,G1 Old Gen,9244752,7432306688,G1 Survivor Space,71647840,83886080,CodeHeap 'non-profiled nmethods',11065344,11075584,2024-05-12T22:29:58.118425792,1943163568,10888413184,126348600,128647168,1.93115234375,4,Linux,aarch64,6.5.0-1014-aws,204078,204078
NoConcurrencyUtilityDataLoad,CodeHeap 'non-nmethods',1608576,2555904,Metaspace,82508200,83427328,CodeHeap 'profiled nmethods',20337664,20381696,Compressed Class Space,10840336,11272192,G1 Eden Space,2113929216,3372220416,G1 Old Gen,9244752,7432306688,G1 Survivor Space,71647840,83886080,CodeHeap 'non-profiled nmethods',11066240,11075584,2024-05-12T22:29:59.122397063,2194821808,10888413184,126361016,128712704,1.93115234375,4,Linux,aarch64,6.5.0-1014-aws,209280,209280
NoConcurrencyUtilityDataLoad,CodeHeap 'non-nmethods',1608576,2555904,Metaspace,82510320,83427328,CodeHeap 'profiled nmethods',20346112,20381696,Compressed Class Space,10840336,11272192,G1 Eden Space,2348810240,3372220416,G1 Old Gen,9244752,7432306688,G1 Survivor Space,71647840,83886080,CodeHeap 'non-profiled nmethods',11066240,11075584,2024-05-12T22:30:00.125862662,2429702832,10888413184,126371584,128712704,1.93115234375,4,Linux,aarch64,6.5.0-1014-aws,214451,214452
NoConcurrencyUtilityDataLoad,CodeHeap 'non-nmethods',1608576,2555904,Metaspace,82512680,83427328,CodeHeap 'profiled nmethods',20352640,20381696,Compressed Class Space,10840336,11272192,G1 Eden Space,2550136832,3372220416,G1 Old Gen,9244752,7432306688,G1 Survivor Space,71647840,83886080,CodeHeap 'non-profiled nmethods',11066240,11075584,2024-05-12T22:30:01.129126647,2631029424,10888413184,126380472,128712704,1.93115234375,4,Linux,aarch64,6.5.0-1014-aws,218471,218472
NoConcurrencyUtilityDataLoad,CodeHeap 'non-nmethods',1608576,2555904,Metaspace,82517768,83427328,CodeHeap 'profiled nmethods',20377856,20381696,Compressed Class Space,10840336,11272192,G1 Eden Space,2785017856,3372220416,G1 Old Gen,9244752,7432306688,G1 Survivor Space,71647840,83886080,CodeHeap 'non-profiled nmethods',11072768,11075584,2024-05-12T22:30:02.132704080,2865910448,10888413184,126417304,128712704,1.93115234375,4,Linux,aarch64,6.5.0-1014-aws,223434,223435
NoConcurrencyUtilityDataLoad,CodeHeap 'non-nmethods',1608576,2555904,Metaspace,82521824,83427328,CodeHeap 'profiled nmethods',20394240,20447232,Compressed Class Space,10840832,11272192,G1 Eden Space,3019898880,3372220416,G1 Old Gen,9244752,7432306688,G1 Survivor Space,71647840,83886080,CodeHeap 'non-profiled nmethods',11074048,11075584,2024-05-12T22:30:03.157281053,3100791472,10888413184,126439520,128778240,1.8564453125,4,Linux,aarch64,6.5.0-1014-aws,228271,228271
NoConcurrencyUtilityDataLoad,CodeHeap 'non-nmethods',1608576,2555904,Metaspace,82527880,83427328,CodeHeap 'profiled nmethods',20411776,20447232,Compressed Class Space,10840832,11272192,G1 Eden Space,0,3556769792,G1 Old Gen,9244752,7230980096,G1 Survivor Space,86878552,100663296,CodeHeap 'non-profiled nmethods',11074944,11075584,2024-05-12T22:30:04.206252457,96123304,10888413184,126464008,128778240,1.8564453125,4,Linux,aarch64,6.5.0-1014-aws,232018,232019
NoConcurrencyUtilityDataLoad,CodeHeap 'non-nmethods',1608576,2555904,Metaspace,82529576,83427328,CodeHeap 'profiled nmethods',20415104,20447232,Compressed Class Space,10840832,11272192,G1 Eden Space,234881024,3539992576,G1 Old Gen,9244752,7247757312,G1 Survivor Space,86878552,100663296,CodeHeap 'non-profiled nmethods',11078016,11141120,2024-05-12T22:30:05.209394502,331004328,10888413184,126472104,128843776,1.8564453125,4,Linux,aarch64,6.5.0-1014-aws,236865,236865
NoConcurrencyUtilityDataLoad,CodeHeap 'non-nmethods',1608576,2555904,Metaspace,82530480,83427328,CodeHeap 'profiled nmethods',20427136,20447232,Compressed Class Space,10840832,11272192,G1 Eden Space,452984832,3539992576,G1 Old Gen,9244752,7247757312,G1 Survivor Space,86878552,100663296,CodeHeap 'non-profiled nmethods',11084928,11141120,2024-05-12T22:30:06.222617234,549108136,10888413184,126490544,128843776,1.8564453125,4,Linux,aarch64,6.5.0-1014-aws,241754,241754
NoConcurrencyUtilityDataLoad,CodeHeap 'non-nmethods',1608576,2555904,Metaspace,82530480,83427328,CodeHeap 'profiled nmethods',20428032,20447232,Compressed Class Space,10840832,11272192,G1 Eden Space,687865856,3539992576,G1 Old Gen,9244752,7247757312,G1 Survivor Space,86878552,100663296,CodeHeap 'non-profiled nmethods',11118336,11141120,2024-05-12T22:30:07.225681053,783989160,10888413184,126526256,128843776,1.8564453125,4,Linux,aarch64,6.5.0-1014-aws,246596,246597
