ExecutorServiceDataLoad,CodeHeap 'non-nmethods',1595264,2555904,Metaspace,74149800,75038720,CodeHeap 'profiled nmethods',12275840,12320768,Compressed Class Space,9863136,10289152,G1 Eden Space,218103808,419430400,G1 Old Gen,979608,7935623168,G1 Survivor Space,21659560,33554432,CodeHeap 'non-profiled nmethods',3755648,3801088,2024-05-12T23:17:10.980521853,240742976,8388608000,101623096,104005632,1.53515625,2,Linux,aarch64,6.5.0-1014-aws,1,0
ExecutorServiceDataLoad,CodeHeap 'non-nmethods',1610496,2555904,Metaspace,81447232,82378752,CodeHeap 'profiled nmethods',15845120,15859712,Compressed Class Space,10790976,11206656,G1 Eden Space,301989888,419430400,G1 Old Gen,979608,7935623168,G1 Survivor Space,21659560,33554432,CodeHeap 'non-profiled nmethods',4642688,4653056,2024-05-12T23:17:12.488811865,324629056,8388608000,114336512,116654080,1.53515625,2,Linux,aarch64,6.5.0-1014-aws,244,244
ExecutorServiceDataLoad,CodeHeap 'non-nmethods',1610496,2555904,Metaspace,82029168,82968576,CodeHeap 'profiled nmethods',18102656,18153472,Compressed Class Space,10791480,11206656,G1 Eden Space,301989888,419430400,G1 Old Gen,979608,7935623168,G1 Survivor Space,21659560,33554432,CodeHeap 'non-profiled nmethods',4885760,4915200,2024-05-12T23:17:13.513142712,324629056,8388608000,117419560,119799808,1.412109375,2,Linux,aarch64,6.5.0-1014-aws,630,630
ExecutorServiceDataLoad,CodeHeap 'non-nmethods',1610496,2555904,Metaspace,82140712,83034112,CodeHeap 'profiled nmethods',19596288,19660800,Compressed Class Space,10791480,11206656,G1 Eden Space,335544320,419430400,G1 Old Gen,979608,7935623168,G1 Survivor Space,21659560,33554432,CodeHeap 'non-profiled nmethods',5174784,5177344,2024-05-12T23:17:14.537972273,358183488,8388608000,119310640,121634816,1.412109375,2,Linux,aarch64,6.5.0-1014-aws,1264,1263
ExecutorServiceDataLoad,CodeHeap 'non-nmethods',1610496,2555904,Metaspace,82268328,83165184,CodeHeap 'profiled nmethods',19755520,19791872,Compressed Class Space,10804920,11206656,G1 Eden Space,0,419430400,G1 Old Gen,979608,7935623168,G1 Survivor Space,32836352,33554432,CodeHeap 'non-profiled nmethods',5426048,5439488,2024-05-12T23:17:15.584582635,33815960,8388608000,119865312,122159104,1.412109375,2,Linux,aarch64,6.5.0-1014-aws,1977,1976
ExecutorServiceDataLoad,CodeHeap 'non-nmethods',1650560,2555904,Metaspace,82317576,83230720,CodeHeap 'profiled nmethods',19796736,19857408,Compressed Class Space,10814944,11206656,G1 Eden Space,67108864,419430400,G1 Old Gen,979608,7935623168,G1 Survivor Space,32836352,33554432,CodeHeap 'non-profiled nmethods',5797504,5832704,2024-05-12T23:17:16.588925281,100924824,8388608000,120374552,122683392,1.412109375,2,Linux,aarch64,6.5.0-1014-aws,2928,2927
ExecutorServiceDataLoad,CodeHeap 'non-nmethods',1610496,2555904,Metaspace,82344656,83230720,CodeHeap 'profiled nmethods',19868672,19922944,Compressed Class Space,10815984,11206656,G1 Eden Space,117440512,419430400,G1 Old Gen,979608,7935623168,G1 Survivor Space,32836352,33554432,CodeHeap 'non-profiled nmethods',6274560,6291456,2024-05-12T23:17:17.593111431,151256472,8388608000,120914368,123207680,1.412109375,2,Linux,aarch64,6.5.0-1014-aws,4037,4037
ExecutorServiceDataLoad,CodeHeap 'non-nmethods',1610496,2555904,Metaspace,82371248,83230720,CodeHeap 'profiled nmethods',19931904,19988480,Compressed Class Space,10815984,11206656,G1 Eden Space,184549376,419430400,G1 Old Gen,979608,7935623168,G1 Survivor Space,32836352,33554432,CodeHeap 'non-profiled nmethods',6572544,6619136,2024-05-12T23:17:18.597792291,218365336,8388608000,121302176,123600896,1.53955078125,2,Linux,aarch64,6.5.0-1014-aws,5143,5143
ExecutorServiceDataLoad,CodeHeap 'non-nmethods',1610496,2555904,Metaspace,82382504,83230720,CodeHeap 'profiled nmethods',19971072,19988480,Compressed Class Space,10816480,11206656,G1 Eden Space,234881024,419430400,G1 Old Gen,979608,7935623168,G1 Survivor Space,32836352,33554432,CodeHeap 'non-profiled nmethods',6763648,6815744,2024-05-12T23:17:19.601163618,268696984,8388608000,121544200,123797504,1.53955078125,2,Linux,aarch64,6.5.0-1014-aws,6367,6366
ExecutorServiceDataLoad,CodeHeap 'non-nmethods',1610496,2555904,Metaspace,82389328,83230720,CodeHeap 'profiled nmethods',19993216,20054016,Compressed Class Space,10816480,11206656,G1 Eden Space,301989888,419430400,G1 Old Gen,979608,7935623168,G1 Survivor Space,32836352,33554432,CodeHeap 'non-profiled nmethods',7044224,7077888,2024-05-12T23:17:20.605581095,335805848,8388608000,121853744,124125184,1.53955078125,2,Linux,aarch64,6.5.0-1014-aws,7604,7603
ExecutorServiceDataLoad,CodeHeap 'non-nmethods',1610496,2555904,Metaspace,82397464,83230720,CodeHeap 'profiled nmethods',20020736,20054016,Compressed Class Space,10816984,11206656,G1 Eden Space,369098752,419430400,G1 Old Gen,979608,7935623168,G1 Survivor Space,32836352,33554432,CodeHeap 'non-profiled nmethods',7313920,7340032,2024-05-12T23:17:21.609354233,402914712,8388608000,122159600,124387328,1.53955078125,2,Linux,aarch64,6.5.0-1014-aws,9007,9007
ExecutorServiceDataLoad,CodeHeap 'non-nmethods',1610496,2555904,Metaspace,82401992,83230720,CodeHeap 'profiled nmethods',20030080,20054016,Compressed Class Space,10816984,11206656,G1 Eden Space,83886080,402653184,G1 Old Gen,979608,7935623168,G1 Survivor Space,36341552,50331648,CodeHeap 'non-profiled nmethods',7679360,7733248,2024-05-12T23:17:22.612983635,121207240,8388608000,122538912,124780544,1.53955078125,2,Linux,aarch64,6.5.0-1014-aws,10559,10559
ExecutorServiceDataLoad,CodeHeap 'non-nmethods',1610496,2555904,Metaspace,82408920,83296256,CodeHeap 'profiled nmethods',20035840,20054016,Compressed Class Space,10818096,11206656,G1 Eden Space,167772160,402653184,G1 Old Gen,979608,7935623168,G1 Survivor Space,36341552,50331648,CodeHeap 'non-profiled nmethods',8193792,8257536,2024-05-12T23:17:23.616160082,205093320,8388608000,123067144,125370368,1.65673828125,2,Linux,aarch64,6.5.0-1014-aws,12446,12446
ExecutorServiceDataLoad,CodeHeap 'non-nmethods',1610496,2555904,Metaspace,82417248,83296256,CodeHeap 'profiled nmethods',20048512,20054016,Compressed Class Space,10819136,11206656,G1 Eden Space,268435456,402653184,G1 Old Gen,979608,7935623168,G1 Survivor Space,36341552,50331648,CodeHeap 'non-profiled nmethods',8516480,8519680,2024-05-12T23:17:24.619984182,305756616,8388608000,123411872,125632512,1.65673828125,2,Linux,aarch64,6.5.0-1014-aws,14640,14640
ExecutorServiceDataLoad,CodeHeap 'non-nmethods',1610496,2555904,Metaspace,82423776,83296256,CodeHeap 'profiled nmethods',20072576,20119552,Compressed Class Space,10819136,11206656,G1 Eden Space,33554432,402653184,G1 Old Gen,979608,7935623168,G1 Survivor Space,39755760,50331648,CodeHeap 'non-profiled nmethods',8888704,8912896,2024-05-12T23:17:25.624044442,74289800,8388608000,123814280,126091264,1.65673828125,2,Linux,aarch64,6.5.0-1014-aws,17107,17107
ExecutorServiceDataLoad,CodeHeap 'non-nmethods',1610496,2555904,Metaspace,82426688,83361792,CodeHeap 'profiled nmethods',20076032,20119552,Compressed Class Space,10819136,11206656,G1 Eden Space,184549376,402653184,G1 Old Gen,979608,7935623168,G1 Survivor Space,39755760,50331648,CodeHeap 'non-profiled nmethods',9242240,9306112,2024-05-12T23:17:26.627409910,225284744,8388608000,124173312,126550016,1.65673828125,2,Linux,aarch64,6.5.0-1014-aws,20179,20178
ExecutorServiceDataLoad,CodeHeap 'non-nmethods',1610496,2555904,Metaspace,82429680,83361792,CodeHeap 'profiled nmethods',20082816,20119552,Compressed Class Space,10819136,11206656,G1 Eden Space,318767104,402653184,G1 Old Gen,979608,7935623168,G1 Survivor Space,39755760,50331648,CodeHeap 'non-profiled nmethods',9349760,9371648,2024-05-12T23:17:27.630615370,359502472,8388608000,124291888,126615552,1.65673828125,2,Linux,aarch64,6.5.0-1014-aws,22875,22874
ExecutorServiceDataLoad,CodeHeap 'non-nmethods',1610496,2555904,Metaspace,82437528,83361792,CodeHeap 'profiled nmethods',20101120,20119552,Compressed Class Space,10819648,11206656,G1 Eden Space,67108864,419430400,G1 Old Gen,9012792,7935623168,G1 Survivor Space,33406976,33554432,CodeHeap 'non-profiled nmethods',9407488,9437184,2024-05-12T23:17:28.633542888,109528632,8388608000,124376280,126681088,1.60400390625,2,Linux,aarch64,6.5.0-1014-aws,25459,25458
ExecutorServiceDataLoad,CodeHeap 'non-nmethods',1610496,2555904,Metaspace,82439256,83361792,CodeHeap 'profiled nmethods',20106368,20119552,Compressed Class Space,10819648,11206656,G1 Eden Space,201326592,419430400,G1 Old Gen,9012792,7935623168,G1 Survivor Space,33406976,33554432,CodeHeap 'non-profiled nmethods',9435136,9437184,2024-05-12T23:17:29.636792030,243746360,8388608000,124410136,126681088,1.60400390625,2,Linux,aarch64,6.5.0-1014-aws,28087,28087
ExecutorServiceDataLoad,CodeHeap 'non-nmethods',1610496,2555904,Metaspace,82444136,83361792,CodeHeap 'profiled nmethods',20132864,20185088,Compressed Class Space,10819648,11206656,G1 Eden Space,318767104,419430400,G1 Old Gen,9012792,7935623168,G1 Survivor Space,33406976,33554432,CodeHeap 'non-profiled nmethods',9440256,9502720,2024-05-12T23:17:30.639787257,361186872,8388608000,124447400,126812160,1.60400390625,2,Linux,aarch64,6.5.0-1014-aws,30737,30737
ExecutorServiceDataLoad,CodeHeap 'non-nmethods',1610496,2555904,Metaspace,82450472,83361792,CodeHeap 'profiled nmethods',20212096,20250624,Compressed Class Space,10819648,11206656,G1 Eden Space,67108864,553648128,G1 Old Gen,9012792,7801405440,G1 Survivor Space,33554432,33554432,CodeHeap 'non-profiled nmethods',9469056,9502720,2024-05-12T23:17:31.642896321,109676088,8388608000,124561368,126877696,1.60400390625,2,Linux,aarch64,6.5.0-1014-aws,33405,33405
ExecutorServiceDataLoad,CodeHeap 'non-nmethods',1610496,2555904,Metaspace,82456200,83361792,CodeHeap 'profiled nmethods',20235904,20250624,Compressed Class Space,10819648,11206656,G1 Eden Space,201326592,553648128,G1 Old Gen,9012792,7801405440,G1 Survivor Space,33554432,33554432,CodeHeap 'non-profiled nmethods',9473024,9502720,2024-05-12T23:17:32.645818005,243893816,8388608000,124595272,126877696,1.60400390625,2,Linux,aarch64,6.5.0-1014-aws,36154,36154
ExecutorServiceDataLoad,CodeHeap 'non-nmethods',1610496,2555904,Metaspace,82457472,83361792,CodeHeap 'profiled nmethods',20245632,20250624,Compressed Class Space,10819648,11206656,G1 Eden Space,335544320,553648128,G1 Old Gen,9012792,7801405440,G1 Survivor Space,33554432,33554432,CodeHeap 'non-profiled nmethods',9475456,9502720,2024-05-12T23:17:33.648885453,378111544,8388608000,124608704,126877696,1.55517578125,2,Linux,aarch64,6.5.0-1014-aws,38822,38821
ExecutorServiceDataLoad,CodeHeap 'non-nmethods',1610496,2555904,Metaspace,82458920,83361792,CodeHeap 'profiled nmethods',20272000,20316160,Compressed Class Space,10819648,11206656,G1 Eden Space,452984832,553648128,G1 Old Gen,9012792,7801405440,G1 Survivor Space,33554432,33554432,CodeHeap 'non-profiled nmethods',9481600,9502720,2024-05-12T23:17:34.651800573,495552056,8388608000,124639976,126943232,1.55517578125,2,Linux,aarch64,6.5.0-1014-aws,41420,41420
ExecutorServiceDataLoad,CodeHeap 'non-nmethods',1610496,2555904,Metaspace,82460232,83361792,CodeHeap 'profiled nmethods',20285568,20316160,Compressed Class Space,10819648,11206656,G1 Eden Space,67108864,469762048,G1 Old Gen,9012792,7868514304,G1 Survivor Space,36554480,50331648,CodeHeap 'non-profiled nmethods',9482496,9502720,2024-05-12T23:17:35.655103237,112676136,8388608000,124658440,126943232,1.55517578125,2,Linux,aarch64,6.5.0-1014-aws,43880,43879
ExecutorServiceDataLoad,CodeHeap 'non-nmethods',1610496,2555904,Metaspace,82463152,83361792,CodeHeap 'profiled nmethods',20305664,20316160,Compressed Class Space,10819648,11206656,G1 Eden Space,201326592,469762048,G1 Old Gen,9012792,7868514304,G1 Survivor Space,36554480,50331648,CodeHeap 'non-profiled nmethods',9482496,9502720,2024-05-12T23:17:36.658033282,246893864,8388608000,124681456,126943232,1.55517578125,2,Linux,aarch64,6.5.0-1014-aws,46676,46676
ExecutorServiceDataLoad,CodeHeap 'non-nmethods',1610496,2555904,Metaspace,82468616,83361792,CodeHeap 'profiled nmethods',20328704,20381696,Compressed Class Space,10819648,11206656,G1 Eden Space,335544320,469762048,G1 Old Gen,9012792,7868514304,G1 Survivor Space,36554480,50331648,CodeHeap 'non-profiled nmethods',9488000,9502720,2024-05-12T23:17:37.660972443,381111592,8388608000,124715464,127008768,1.55517578125,2,Linux,aarch64,6.5.0-1014-aws,49380,49380
ExecutorServiceDataLoad,CodeHeap 'non-nmethods',1610496,2555904,Metaspace,82470672,83361792,CodeHeap 'profiled nmethods',20337536,20381696,Compressed Class Space,10819648,11206656,G1 Eden Space,33554432,1593835520,G1 Old Gen,9012792,6744440832,G1 Survivor Space,36778280,50331648,CodeHeap 'non-profiled nmethods',9500672,9502720,2024-05-12T23:17:38.663860117,79345504,8388608000,124739024,127008768,1.51025390625,2,Linux,aarch64,6.5.0-1014-aws,52024,52023
ExecutorServiceDataLoad,CodeHeap 'non-nmethods',1610496,2555904,Metaspace,82472608,83361792,CodeHeap 'profiled nmethods',20342272,20381696,Compressed Class Space,10819648,11206656,G1 Eden Space,167772160,1593835520,G1 Old Gen,9012792,6744440832,G1 Survivor Space,36778280,50331648,CodeHeap 'non-profiled nmethods',9505408,9568256,2024-05-12T23:17:39.666877514,213563232,8388608000,124750432,127074304,1.51025390625,2,Linux,aarch64,6.5.0-1014-aws,54819,54818
ExecutorServiceDataLoad,CodeHeap 'non-nmethods',1610496,2555904,Metaspace,82477176,83361792,CodeHeap 'profiled nmethods',20353408,20381696,Compressed Class Space,10819648,11206656,G1 Eden Space,301989888,1593835520,G1 Old Gen,9012792,6744440832,G1 Survivor Space,36778280,50331648,CodeHeap 'non-profiled nmethods',9514880,9568256,2024-05-12T23:17:40.669772409,347780960,8388608000,124775608,127074304,1.51025390625,2,Linux,aarch64,6.5.0-1014-aws,57637,57637
ExecutorServiceDataLoad,CodeHeap 'non-nmethods',1610496,2555904,Metaspace,82484976,83361792,CodeHeap 'profiled nmethods',20381568,20381696,Compressed Class Space,10819648,11206656,G1 Eden Space,436207616,1593835520,G1 Old Gen,9012792,6744440832,G1 Survivor Space,36778280,50331648,CodeHeap 'non-profiled nmethods',9515648,9568256,2024-05-12T23:17:41.672750528,481998688,8388608000,124812336,127074304,1.51025390625,2,Linux,aarch64,6.5.0-1014-aws,60449,60454
ExecutorServiceDataLoad,CodeHeap 'non-nmethods',1610496,2555904,Metaspace,82485072,83361792,CodeHeap 'profiled nmethods',20408064,20447232,Compressed Class Space,10819648,11206656,G1 Eden Space,553648128,1593835520,G1 Old Gen,9012792,6744440832,G1 Survivor Space,36778280,50331648,CodeHeap 'non-profiled nmethods',9544064,9568256,2024-05-12T23:17:42.685034434,599439200,8388608000,124867344,127139840,1.51025390625,2,Linux,aarch64,6.5.0-1014-aws,63014,63014
ExecutorServiceDataLoad,CodeHeap 'non-nmethods',1610496,2555904,Metaspace,82486640,83361792,CodeHeap 'profiled nmethods',20411904,20447232,Compressed Class Space,10819648,11206656,G1 Eden Space,671088640,1593835520,G1 Old Gen,9012792,6744440832,G1 Survivor Space,36778280,50331648,CodeHeap 'non-profiled nmethods',9559808,9568256,2024-05-12T23:17:43.687844085,716879712,8388608000,124888496,127139840,1.46923828125,2,Linux,aarch64,6.5.0-1014-aws,65344,65344
ExecutorServiceDataLoad,CodeHeap 'non-nmethods',1610496,2555904,Metaspace,82489088,83361792,CodeHeap 'profiled nmethods',20426752,20447232,Compressed Class Space,10819648,11206656,G1 Eden Space,788529152,1593835520,G1 Old Gen,9012792,6744440832,G1 Survivor Space,36778280,50331648,CodeHeap 'non-profiled nmethods',9559808,9568256,2024-05-12T23:17:44.690980090,834320224,8388608000,124905792,127139840,1.46923828125,2,Linux,aarch64,6.5.0-1014-aws,67659,67659
ExecutorServiceDataLoad,CodeHeap 'non-nmethods',1610496,2555904,Metaspace,82489552,83361792,CodeHeap 'profiled nmethods',20428416,20447232,Compressed Class Space,10819648,11206656,G1 Eden Space,889192448,1593835520,G1 Old Gen,9012792,6744440832,G1 Survivor Space,36778280,50331648,CodeHeap 'non-profiled nmethods',9559808,9568256,2024-05-12T23:17:45.694099792,934983520,8388608000,124907920,127139840,1.46923828125,2,Linux,aarch64,6.5.0-1014-aws,69985,69984
ExecutorServiceDataLoad,CodeHeap 'non-nmethods',1610496,2555904,Metaspace,82490968,83361792,CodeHeap 'profiled nmethods',20432384,20447232,Compressed Class Space,10819648,11206656,G1 Eden Space,1006632960,1593835520,G1 Old Gen,9012792,6744440832,G1 Survivor Space,36778280,50331648,CodeHeap 'non-profiled nmethods',9559808,9568256,2024-05-12T23:17:46.697301561,1052424032,8388608000,124913304,127139840,1.46923828125,2,Linux,aarch64,6.5.0-1014-aws,72225,72225
ExecutorServiceDataLoad,CodeHeap 'non-nmethods',1610496,2555904,Metaspace,82493080,83361792,CodeHeap 'profiled nmethods',20446464,20447232,Compressed Class Space,10819648,11206656,G1 Eden Space,1107296256,1593835520,G1 Old Gen,9012792,6744440832,G1 Survivor Space,36778280,50331648,CodeHeap 'non-profiled nmethods',9559808,9568256,2024-05-12T23:17:47.700467794,1153087328,8388608000,124929496,127139840,1.46923828125,2,Linux,aarch64,6.5.0-1014-aws,74510,74509
ExecutorServiceDataLoad,CodeHeap 'non-nmethods',1610496,2555904,Metaspace,82499584,83361792,CodeHeap 'profiled nmethods',20455040,20512768,Compressed Class Space,10819648,11206656,G1 Eden Space,1224736768,1593835520,G1 Old Gen,9012792,6744440832,G1 Survivor Space,36778280,50331648,CodeHeap 'non-profiled nmethods',9559808,9568256,2024-05-12T23:17:48.703617271,1270527840,8388608000,124944576,127205376,1.431640625,2,Linux,aarch64,6.5.0-1014-aws,76791,76790
ExecutorServiceDataLoad,CodeHeap 'non-nmethods',1610496,2555904,Metaspace,82501720,83427328,CodeHeap 'profiled nmethods',20466816,20512768,Compressed Class Space,10819648,11206656,G1 Eden Space,1342177280,1593835520,G1 Old Gen,9012792,6744440832,G1 Survivor Space,36778280,50331648,CodeHeap 'non-profiled nmethods',9559808,9568256,2024-05-12T23:17:49.706495973,1387968352,8388608000,124958488,127270912,1.431640625,2,Linux,aarch64,6.5.0-1014-aws,79093,79092
ExecutorServiceDataLoad,CodeHeap 'non-nmethods',1610496,2555904,Metaspace,82509608,83427328,CodeHeap 'profiled nmethods',20472064,20512768,Compressed Class Space,10819648,11206656,G1 Eden Space,1442840576,1593835520,G1 Old Gen,9012792,6744440832,G1 Survivor Space,36778280,50331648,CodeHeap 'non-profiled nmethods',9562624,9568256,2024-05-12T23:17:50.709632700,1488631648,8388608000,124972264,127270912,1.431640625,2,Linux,aarch64,6.5.0-1014-aws,81337,81336
ExecutorServiceDataLoad,CodeHeap 'non-nmethods',1610496,2555904,Metaspace,82525416,83427328,CodeHeap 'profiled nmethods',20504064,20512768,Compressed Class Space,10819648,11206656,G1 Eden Space,50331648,1828716544,G1 Old Gen,9012792,6509559808,G1 Survivor Space,47376960,50331648,CodeHeap 'non-profiled nmethods',9603712,9633792,2024-05-12T23:17:51.712607540,106721400,8388608000,125063336,127336448,1.431640625,2,Linux,aarch64,6.5.0-1014-aws,83682,83682
ExecutorServiceDataLoad,CodeHeap 'non-nmethods',1610496,2555904,Metaspace,82525416,83427328,CodeHeap 'profiled nmethods',20506880,20512768,Compressed Class Space,10819648,11206656,G1 Eden Space,201326592,1828716544,G1 Old Gen,9012792,6509559808,G1 Survivor Space,47376960,50331648,CodeHeap 'non-profiled nmethods',9635200,9699328,2024-05-12T23:17:52.715382497,257716344,8388608000,125097640,127401984,1.431640625,2,Linux,aarch64,6.5.0-1014-aws,86482,86482
ExecutorServiceDataLoad,CodeHeap 'non-nmethods',1610496,2555904,Metaspace,82526952,83427328,CodeHeap 'profiled nmethods',20525568,20578304,Compressed Class Space,10819648,11206656,G1 Eden Space,335544320,1828716544,G1 Old Gen,9012792,6509559808,G1 Survivor Space,47376960,50331648,CodeHeap 'non-profiled nmethods',9651456,9699328,2024-05-12T23:17:53.722625260,391934072,8388608000,125133776,127467520,1.39697265625,2,Linux,aarch64,6.5.0-1014-aws,89238,89238
ExecutorServiceDataLoad,CodeHeap 'non-nmethods',1610496,2555904,Metaspace,82529288,83427328,CodeHeap 'profiled nmethods',20531200,20578304,Compressed Class Space,10819648,11206656,G1 Eden Space,452984832,1828716544,G1 Old Gen,9012792,6509559808,G1 Survivor Space,47376960,50331648,CodeHeap 'non-profiled nmethods',9652224,9699328,2024-05-12T23:17:54.725370702,509374584,8388608000,125142856,127467520,1.39697265625,2,Linux,aarch64,6.5.0-1014-aws,91900,91900
ExecutorServiceDataLoad,CodeHeap 'non-nmethods',1610496,2555904,Metaspace,82529288,83427328,CodeHeap 'profiled nmethods',20531200,20578304,Compressed Class Space,10819648,11206656,G1 Eden Space,587202560,1828716544,G1 Old Gen,9012792,6509559808,G1 Survivor Space,47376960,50331648,CodeHeap 'non-profiled nmethods',9652224,9699328,2024-05-12T23:17:55.728050077,643592312,8388608000,125142856,127467520,1.39697265625,2,Linux,aarch64,6.5.0-1014-aws,94644,94664
ExecutorServiceDataLoad,CodeHeap 'non-nmethods',1610496,2555904,Metaspace,82529288,83427328,CodeHeap 'profiled nmethods',20531200,20578304,Compressed Class Space,10819648,11206656,G1 Eden Space,721420288,1828716544,G1 Old Gen,9012792,6509559808,G1 Survivor Space,47376960,50331648,CodeHeap 'non-profiled nmethods',9656192,9699328,2024-05-12T23:17:56.737795239,777810040,8388608000,125146824,127467520,1.39697265625,2,Linux,aarch64,6.5.0-1014-aws,97273,97272
ExecutorServiceDataLoad,CodeHeap 'non-nmethods',1610496,2555904,Metaspace,82529288,83427328,CodeHeap 'profiled nmethods',20531200,20578304,Compressed Class Space,10819648,11206656,G1 Eden Space,838860800,1828716544,G1 Old Gen,9012792,6509559808,G1 Survivor Space,47376960,50331648,CodeHeap 'non-profiled nmethods',9656192,9699328,2024-05-12T23:17:57.740559405,895250552,8388608000,125146824,127467520,1.39697265625,2,Linux,aarch64,6.5.0-1014-aws,99892,99892
ExecutorServiceDataLoad,CodeHeap 'non-nmethods',1610496,2555904,Metaspace,82531144,83427328,CodeHeap 'profiled nmethods',20544256,20578304,Compressed Class Space,10819648,11206656,G1 Eden Space,973078528,1828716544,G1 Old Gen,9012792,6509559808,G1 Survivor Space,47376960,50331648,CodeHeap 'non-profiled nmethods',9674368,9699328,2024-05-12T23:17:58.743148147,1029468280,8388608000,125179912,127467520,1.36474609375,2,Linux,aarch64,6.5.0-1014-aws,102592,102592
ExecutorServiceDataLoad,CodeHeap 'non-nmethods',1610496,2555904,Metaspace,82532120,83427328,CodeHeap 'profiled nmethods',20546048,20578304,Compressed Class Space,10819648,11206656,G1 Eden Space,1107296256,1828716544,G1 Old Gen,9012792,6509559808,G1 Survivor Space,47376960,50331648,CodeHeap 'non-profiled nmethods',9674368,9699328,2024-05-12T23:17:59.745901948,1163686008,8388608000,125180888,127467520,1.36474609375,2,Linux,aarch64,6.5.0-1014-aws,105232,105231
ExecutorServiceDataLoad,CodeHeap 'non-nmethods',1610496,2555904,Metaspace,82532880,83427328,CodeHeap 'profiled nmethods',20548480,20578304,Compressed Class Space,10819648,11206656,G1 Eden Space,1224736768,1828716544,G1 Old Gen,9012792,6509559808,G1 Survivor Space,47376960,50331648,CodeHeap 'non-profiled nmethods',9674368,9699328,2024-05-12T23:18:00.748530519,1281126520,8388608000,125185872,127467520,1.36474609375,2,Linux,aarch64,6.5.0-1014-aws,107883,107883
ExecutorServiceDataLoad,CodeHeap 'non-nmethods',1610496,2555904,Metaspace,82534968,83427328,CodeHeap 'profiled nmethods',20552192,20578304,Compressed Class Space,10819648,11206656,G1 Eden Space,1358954496,1828716544,G1 Old Gen,9012792,6509559808,G1 Survivor Space,47376960,50331648,CodeHeap 'non-profiled nmethods',9674368,9699328,2024-05-12T23:18:01.751598613,1415344248,8388608000,125191672,127467520,1.36474609375,2,Linux,aarch64,6.5.0-1014-aws,110551,110551
ExecutorServiceDataLoad,CodeHeap 'non-nmethods',1610496,2555904,Metaspace,82536312,83427328,CodeHeap 'profiled nmethods',20561536,20578304,Compressed Class Space,10819648,11206656,G1 Eden Space,1493172224,1828716544,G1 Old Gen,9012792,6509559808,G1 Survivor Space,47376960,50331648,CodeHeap 'non-profiled nmethods',9675264,9699328,2024-05-12T23:18:02.754709644,1549561976,8388608000,125203256,127467520,1.36474609375,2,Linux,aarch64,6.5.0-1014-aws,113276,113276
ExecutorServiceDataLoad,CodeHeap 'non-nmethods',1610496,2555904,Metaspace,82537840,83427328,CodeHeap 'profiled nmethods',20580224,20643840,Compressed Class Space,10819648,11206656,G1 Eden Space,1610612736,1828716544,G1 Old Gen,9012792,6509559808,G1 Survivor Space,47376960,50331648,CodeHeap 'non-profiled nmethods',9681408,9699328,2024-05-12T23:18:03.757550251,1667002488,8388608000,125229616,127533056,1.33544921875,2,Linux,aarch64,6.5.0-1014-aws,115843,115842
ExecutorServiceDataLoad,CodeHeap 'non-nmethods',1610496,2555904,Metaspace,82548616,83427328,CodeHeap 'profiled nmethods',20613888,20643840,Compressed Class Space,10819648,11206656,G1 Eden Space,33554432,2801795072,G1 Old Gen,9012792,5519704064,G1 Survivor Space,62726328,67108864,CodeHeap 'non-profiled nmethods',9685376,9699328,2024-05-12T23:18:04.763840831,105293552,8388608000,125278024,127533056,1.33544921875,2,Linux,aarch64,6.5.0-1014-aws,118076,118075
ExecutorServiceDataLoad,CodeHeap 'non-nmethods',1610496,2555904,Metaspace,82549056,83427328,CodeHeap 'profiled nmethods',20614912,20643840,Compressed Class Space,10819648,11206656,G1 Eden Space,150994944,2801795072,G1 Old Gen,9012792,5519704064,G1 Survivor Space,62726328,67108864,CodeHeap 'non-profiled nmethods',9685376,9699328,2024-05-12T23:18:05.766714431,222734064,8388608000,125279488,127533056,1.33544921875,2,Linux,aarch64,6.5.0-1014-aws,120865,120865
ExecutorServiceDataLoad,CodeHeap 'non-nmethods',1610496,2555904,Metaspace,82551896,83427328,CodeHeap 'profiled nmethods',20621696,20643840,Compressed Class Space,10820144,11206656,G1 Eden Space,285212672,2801795072,G1 Old Gen,9012792,5519704064,G1 Survivor Space,62726328,67108864,CodeHeap 'non-profiled nmethods',9686400,9699328,2024-05-12T23:18:06.770231450,356951792,8388608000,125287432,127533056,1.33544921875,2,Linux,aarch64,6.5.0-1014-aws,123637,123654
ExecutorServiceDataLoad,CodeHeap 'non-nmethods',1610496,2555904,Metaspace,82551896,83427328,CodeHeap 'profiled nmethods',20627328,20643840,Compressed Class Space,10820144,11206656,G1 Eden Space,419430400,2801795072,G1 Old Gen,9012792,5519704064,G1 Survivor Space,62726328,67108864,CodeHeap 'non-profiled nmethods',9686400,9699328,2024-05-12T23:18:07.778538392,491169520,8388608000,125296264,127533056,1.33544921875,2,Linux,aarch64,6.5.0-1014-aws,126467,126466
ExecutorServiceDataLoad,CodeHeap 'non-nmethods',1610496,2555904,Metaspace,82551896,83427328,CodeHeap 'profiled nmethods',20627328,20643840,Compressed Class Space,10820144,11206656,G1 Eden Space,553648128,2801795072,G1 Old Gen,9012792,5519704064,G1 Survivor Space,62726328,67108864,CodeHeap 'non-profiled nmethods',9688832,9699328,2024-05-12T23:18:08.781358675,625387248,8388608000,125298696,127533056,1.30810546875,2,Linux,aarch64,6.5.0-1014-aws,129239,129238
ExecutorServiceDataLoad,CodeHeap 'non-nmethods',1610496,2555904,Metaspace,82556720,83427328,CodeHeap 'profiled nmethods',20635008,20643840,Compressed Class Space,10820144,11206656,G1 Eden Space,687865856,2801795072,G1 Old Gen,9012792,5519704064,G1 Survivor Space,62726328,67108864,CodeHeap 'non-profiled nmethods',9691520,9699328,2024-05-12T23:18:09.784111529,759604976,8388608000,125312480,127533056,1.30810546875,2,Linux,aarch64,6.5.0-1014-aws,132056,132056
ExecutorServiceDataLoad,CodeHeap 'non-nmethods',1610496,2555904,Metaspace,82557984,83427328,CodeHeap 'profiled nmethods',20648576,20709376,Compressed Class Space,10820144,11206656,G1 Eden Space,822083584,2801795072,G1 Old Gen,9012792,5519704064,G1 Survivor Space,62726328,67108864,CodeHeap 'non-profiled nmethods',9713408,9764864,2024-05-12T23:18:10.786966438,893822704,8388608000,125350608,127664128,1.30810546875,2,Linux,aarch64,6.5.0-1014-aws,134783,134783
